,title,href,company,description,salary
0,Аналитик,https://spb.hh.ru/vacancy/54869344?from=vacancy_search_list&hhtmFrom=vacancy_search_list&query=%D0%B0%D0%BD%D0%B0%D0%BB%D0%B8%D0%B7%20%D0%B4%D0%B0%D0%BD%D0%BD%D1%8B%D1%85,Точка,"Помогать команде принимать решения на основе данных. Делать решения логичными и прозрачными, отслеживать результаты и делать выводы. Строить прогнозные модели...Умеешь преподнести информацию понятным языком даже для тех, кто плохо разбирается в данных. Можешь самостоятельно принимать решения на основе данных...",до 240 000 руб.
1,Аналитик данных,https://spb.hh.ru/vacancy/53491771?from=vacancy_search_list&hhtmFrom=vacancy_search_list&query=%D0%B0%D0%BD%D0%B0%D0%BB%D0%B8%D0%B7%20%D0%B4%D0%B0%D0%BD%D0%BD%D1%8B%D1%85,Profilance Group (ИП Страмоусов Марк Петрович),"Составлять гипотезы для улучшения определенных показателей. Готовить данные к проведению анализа: сортировать, фильтровать и делать выборку; находить закономерности. Знание Google Analytics, Яндекс.Метрики, GTM и другие хранилища данных. Владение SQL, умение самостоятельно собирать отчеты под задачи. Умение визуализировать маркетинговые...",80 000 – 90 000 руб.
2,Продуктовый аналитик,https://spb.hh.ru/vacancy/54869038?from=vacancy_search_list&hhtmFrom=vacancy_search_list&query=%D0%B0%D0%BD%D0%B0%D0%BB%D0%B8%D0%B7%20%D0%B4%D0%B0%D0%BD%D0%BD%D1%8B%D1%85,Siberian Wellness,"...продуктовых/маркетинговых/бизнес показателей, на основе клиентских инсайтов и гипотез, которые подкреплены данными. 20% времени - визуализация данных через BI-инструменты.Понимание основ статистики (описательная статистика, корреляционный, регрессионный анализ, стат. тесты). Строить дашборды и adhoc-отчеты; выводить данные через BI-инструменты. ",200 000 – 250 000 руб.
3,Аналитик,https://spb.hh.ru/vacancy/53483652?from=vacancy_search_list&hhtmFrom=vacancy_search_list&query=%D0%B0%D0%BD%D0%B0%D0%BB%D0%B8%D0%B7%20%D0%B4%D0%B0%D0%BD%D0%BD%D1%8B%D1%85,Важная рыба,"...и анализа коммерческой отчетности по заказам, выручке, прибыли и прочим коммерческим показателям, а также прогнозирования продаж на основе полученных данных. ...и конкурентного анализа. Дополнительным преимуществом будет опыт анализа маркетинговых активностей. Знакомство с системами веб-аналитики, а также визуализаторами данных типа...",80 000 – 120 000 руб.
4,Инженер по обработке данных,https://spb.hh.ru/vacancy/54896574?from=vacancy_search_list&hhtmFrom=vacancy_search_list&query=%D0%B0%D0%BD%D0%B0%D0%BB%D0%B8%D0%B7%20%D0%B4%D0%B0%D0%BD%D0%BD%D1%8B%D1%85,ООО Профискетч,"Разработка моделей данных. Описание требований к базам данных. Структурирование и документирование информации. Разработка систем мониторинга моделей данных. Анализ данных для...Опыт построения моделей данных. Опыт сбор, очистки и переработки данных, первичного анализа. Опыт работы с большими массивами информации. ",60 000 – 70 000 руб.
5,Аналитик данных (data analyst),https://spb.hh.ru/vacancy/54721740?from=vacancy_search_list&hhtmFrom=vacancy_search_list&query=%D0%B0%D0%BD%D0%B0%D0%BB%D0%B8%D0%B7%20%D0%B4%D0%B0%D0%BD%D0%BD%D1%8B%D1%85,ООО Финансово-правовой альянс,"Работа со множеством источников данных: сбор, очищение, изучение, анализ данных в корпоративной информационной среде. Визуализация полученных результатов, создание схем, диаграмм...Требуется опыт работы в анализе данных и/или разработке ПО от 1 года. Опыт разработки web-приложений для визуализации данных...",от 120 000 руб.
6,Аналитик данных,https://spb.hh.ru/vacancy/54724344?from=vacancy_search_list&hhtmFrom=vacancy_search_list&query=%D0%B0%D0%BD%D0%B0%D0%BB%D0%B8%D0%B7%20%D0%B4%D0%B0%D0%BD%D0%BD%D1%8B%D1%85,ООО СРО-Экспертиза,"Составлять гипотезы для улучшения определенных показателей. Готовить данные к проведению анализа: сортировать, фильтровать и делать выборку, находить закономерности. Знаете Google analytics, Яндекс Метрика, GTM и другие хранилища данных. Владеете SQL. Умение самостоятельно собирать отчеты под задачи. ",60 000 – 70 000 руб.
7,Аналитик БД/ SQL разработчик,https://spb.hh.ru/vacancy/50511711?from=vacancy_search_list&hhtmFrom=vacancy_search_list&query=%D0%B0%D0%BD%D0%B0%D0%BB%D0%B8%D0%B7%20%D0%B4%D0%B0%D0%BD%D0%BD%D1%8B%D1%85,BIV,"...данных (DWH). Наращивание функциональности Хранилища, рефакторинг существующей модели, доработка имеющейся модели. Контроль загрузки данных из различных источников. Управления качеством данных......баз данных и методологиях проектирования. Опыт работы с одной из промышленных СУБД (MSSQL Server, ORACLE и др.) либо хранилищ данных...",от 140 000 руб.
8,Аналитик по ценообразованию,https://spb.hh.ru/vacancy/54843861?from=vacancy_search_list&hhtmFrom=vacancy_search_list&query=%D0%B0%D0%BD%D0%B0%D0%BB%D0%B8%D0%B7%20%D0%B4%D0%B0%D0%BD%D0%BD%D1%8B%D1%85,Ароматный мир,"Формирование текущих и акционных цен на товары. Оценка и анализ эффективности изменений. - Анализ мониторингов полочных цен конкурентов, акций. Высшее экономическое/мат. образование. - Опыт работы от 3 лет. - Отличное знание MS Excel, желательно Access/VBA. - Умение анализировать и делать...",90 000 – 90 000 руб.
9,Старший аналитик,https://spb.hh.ru/vacancy/54927892?from=vacancy_search_list&hhtmFrom=vacancy_search_list&query=%D0%B0%D0%BD%D0%B0%D0%BB%D0%B8%D0%B7%20%D0%B4%D0%B0%D0%BD%D0%BD%D1%8B%D1%85,РОСЭЛ,"Расчет показателей на основе анализа статистики и других вводных данных. Совершенствование, внедрение и сопровождение системы Управления товарными запасами, в том...Экономический подход к аналитике, глубокое погружение в специфику заказов и продаж, а не просто работа с цифрами. Навыки анализа данных...",до 90 000 руб.
10,Аналитик,https://spb.hh.ru/vacancy/53069314?from=vacancy_search_list&hhtmFrom=vacancy_search_list&query=%D0%B0%D0%BD%D0%B0%D0%BB%D0%B8%D0%B7%20%D0%B4%D0%B0%D0%BD%D0%BD%D1%8B%D1%85,ООО Банда умников,...ежеквартальных и ежегодных фактических и плановых финансовых отчетов. Просчет рентабельности и окупаемости новых проектов и идей. Анализ и моделирование дашбордов.Умеешь работать с большим объемом данных и консолидировать их в понятные отчеты. Понимаешь как просчитать экономику проекта “Полет на луну”. ,50 000 – 70 000 руб.
11,Аналитик данных в сфере электроэнергетики (Удаленно),https://spb.hh.ru/vacancy/54759092?from=vacancy_search_list&hhtmFrom=vacancy_search_list&query=%D0%B0%D0%BD%D0%B0%D0%BB%D0%B8%D0%B7%20%D0%B4%D0%B0%D0%BD%D0%BD%D1%8B%D1%85,ООО Профэнергосервис,"Анализ данных на предмет соответствия правилам рынка электрической энергии и мощности. Анализ схем подключения потребителей от сетевой организации и иных...Знание структуры взаимоотношений участников рынка электроэнергии. Знание параметров, влияющих на стоимость электрической энергии и мощности. Знание принципов составления АРБП/АТП. ",55 000 – 85 000 руб.
12,Аналитик исследователь в интернет-портал,https://spb.hh.ru/vacancy/54848621?from=vacancy_search_list&hhtmFrom=vacancy_search_list&query=%D0%B0%D0%BD%D0%B0%D0%BB%D0%B8%D0%B7%20%D0%B4%D0%B0%D0%BD%D0%BD%D1%8B%D1%85,Restoclub.ru,Анализ пользовательских сценариев. - Выявление проблемных зон в продукте. - Сегментация аудитории. - Выявление причинно-следственных связей в пользовательском поведении. Проводить регулярные эксперименты...Имеешь опыт решения схожих задач не менее 2-х лет.,80 000 – 140 000 руб.
13,Экономист/специалист по управленческому учёту,https://spb.hh.ru/vacancy/54861590?from=vacancy_search_list&hhtmFrom=vacancy_search_list&query=%D0%B0%D0%BD%D0%B0%D0%BB%D0%B8%D0%B7%20%D0%B4%D0%B0%D0%BD%D0%BD%D1%8B%D1%85,ИП Захарова Ольга Юрьевна,"Контроль соответствия параметров договоров утвержденному бюджету. - Проведение план-фактного анализа выполнения принятых бюджетов по производству, анализ их эффективности и причин...Аналитический склад ума, умение делать выводы на основании анализа данных. - Отличное знание принципов управленческого учета и бюджетирования. - Ответственность, нацеленность на...",80 000 – 100 000 руб.
14,Бизнес-аналитик (финансовый и бухгалтерский учет),https://spb.hh.ru/vacancy/54883406?from=vacancy_search_list&hhtmFrom=vacancy_search_list&query=%D0%B0%D0%BD%D0%B0%D0%BB%D0%B8%D0%B7%20%D0%B4%D0%B0%D0%BD%D0%BD%D1%8B%D1%85,Франчайзинговая розничная сеть Галамарт,"Описание бизнес-функциональный требований. Разработка регламентирующих документов на основании проведенного анализа. Управление изменениями процессов. Постановка задач ИТ-департаменту, взаимодействие и...Опыт работы в рознице (бизнес аналитик, руководитель проектов, менеджер по качеству). Умение выстраивать причинно-следственные связи процессов. Умение постановки бизнес...",от 150 000 руб.
15,Системный аналитик,https://spb.hh.ru/vacancy/54782926?from=vacancy_search_list&hhtmFrom=vacancy_search_list&query=%D0%B0%D0%BD%D0%B0%D0%BB%D0%B8%D0%B7%20%D0%B4%D0%B0%D0%BD%D0%BD%D1%8B%D1%85,Enjoypro,"Система для автоматизация, расчета налоговых регистров и отчетности. Выполнять сбор, анализ и согласования требований к системам. Подготовка технической и эксплуатационной...Опыт сбора информации по проектам (сроки, бюджет, объем, риски, изменения) и подготовки консолидированной отчетности. Опыт анализа данных, подготовки и проведения...",до 180 000 руб.
16,Аналитик отдела продаж / экономист по ценообразованию,https://spb.hh.ru/vacancy/54522141?from=vacancy_search_list&hhtmFrom=vacancy_search_list&query=%D0%B0%D0%BD%D0%B0%D0%BB%D0%B8%D0%B7%20%D0%B4%D0%B0%D0%BD%D0%BD%D1%8B%D1%85,ООО ГОСКРЕПЁЖ,"Взаимодействие с подразделениями компании по расчету плановой и фактической себестоимости. Анализ уровня рентабельности контрактов. Определение отклонений, анализ причин отклонений. Получили высшее образование (экономика, финансы, математика). Знаете принципы факторного анализа, понятие эластичности спроса, умеете принимать эти знания на практике. ",60 000 – 80 000 руб.
17,Аналитик – технолог информационных систем (Банковское ПО),https://spb.hh.ru/vacancy/54602118?from=vacancy_search_list&hhtmFrom=vacancy_search_list&query=%D0%B0%D0%BD%D0%B0%D0%BB%D0%B8%D0%B7%20%D0%B4%D0%B0%D0%BD%D0%BD%D1%8B%D1%85,СПЕКТР,"Умение понять автоматизируемую предметную область и потребности заказчика. Это включает в себя: изучение документации, в том числе нормативной, интервьюирование представителей...Аналитик точно знает, что такое SQL и даже может написать простейший запрос к базе данных. Да, что такое база данных...",80 000 – 120 000 руб.
18,Менеджер по продукту / Маркетолог-аналитик,https://spb.hh.ru/vacancy/54727590?from=vacancy_search_list&hhtmFrom=vacancy_search_list&query=%D0%B0%D0%BD%D0%B0%D0%BB%D0%B8%D0%B7%20%D0%B4%D0%B0%D0%BD%D0%BD%D1%8B%D1%85,DIY Tools,"...анализ рентабельности. Анализ и выявление причин возникновения позиций с низким уровнем рентабельности. Поиск вариантов по исправлению ситуации на основании анализа...Умение работать с большими массивами данных: ты привык/-ла работать с огромными таблицами данных, это доставляет тебе удовольствие или хотя...",от 80 000 руб.
19,Менеджер по проектам и аналитике,https://spb.hh.ru/vacancy/54738578?from=vacancy_search_list&hhtmFrom=vacancy_search_list&query=%D0%B0%D0%BD%D0%B0%D0%BB%D0%B8%D0%B7%20%D0%B4%D0%B0%D0%BD%D0%BD%D1%8B%D1%85,ООО Коллегия Юристов,"Настройка работы сервисов (интеграция с приложениями и базами данных). - Составление технического задания и контроль разработчиков. - Тестирование, анализ и отладка готовой...Продвинутый пользователь ПК. - Опыт сопровождения проектов по разработке CRM будет преимуществом. - Продвинутый пользователь Excel, будет тест (по формулам СУММЕСЛИ и...",70 000 – 90 000 руб.
20,Финансовый менеджер,https://spb.hh.ru/vacancy/54466394?from=vacancy_search_list&hhtmFrom=vacancy_search_list&query=%D0%B0%D0%BD%D0%B0%D0%BB%D0%B8%D0%B7%20%D0%B4%D0%B0%D0%BD%D0%BD%D1%8B%D1%85,АО РУССЭЙР,"...факторный анализ отклонений и анализ финансово-хозяйственной деятельности организации и пр. Анализ и мониторинг цен; калькулирование себестоимости оказываемых услуг. Анализ...Знание методов статистического и финансово-экономического анализа, методов формирования себестоимости. Знание 1С:ERP; углубленное знание Excel. Умение работать в...",84 000 – 84 000 руб.
21,Специалист по ценообразованию,https://spb.hh.ru/vacancy/52297450?from=vacancy_search_list&hhtmFrom=vacancy_search_list&query=%D0%B0%D0%BD%D0%B0%D0%BB%D0%B8%D0%B7%20%D0%B4%D0%B0%D0%BD%D0%BD%D1%8B%D1%85,Деловые Линии,"Обеспечение актуальности прайс-листов, размещенных на открытых источниках, исходя из изменений прайс-листов, согласно установленному Регламенту. Загрузка данных по стоимости...У Вас есть опыт работы с массивами данных. Опыт участия в автоматизации системы ценообразования (будет преимуществом). Вы уверенный пользователь ПК...",до 73 600 руб.
22,Экономист,https://spb.hh.ru/vacancy/54635429?from=vacancy_search_list&hhtmFrom=vacancy_search_list&query=%D0%B0%D0%BD%D0%B0%D0%BB%D0%B8%D0%B7%20%D0%B4%D0%B0%D0%BD%D0%BD%D1%8B%D1%85,АО Концерн Энерготехнологии,"Контроль получения счетов-фактур от поставщиков, проверка и внесение в 1С данных по ним. Расчет и начисления коммунальных платежей. Высшее экономическое образование. Опыт работы экономистом от 3х лет, (в приоритете - опыт работы в данной должности в управляющих компаниях...",50 000 – 55 000 руб.
23,Финансовый менеджер,https://spb.hh.ru/vacancy/54662531?from=vacancy_search_list&hhtmFrom=vacancy_search_list&query=%D0%B0%D0%BD%D0%B0%D0%BB%D0%B8%D0%B7%20%D0%B4%D0%B0%D0%BD%D0%BD%D1%8B%D1%85,GW Fitness,"Бюджетирование долгосрочное, краткосрочное. Контроль исполнения бюджета (план/факт, анализ отклонений). Анализ финансовых результатов компании в разрезе подразделений, проектов. Высшее экономическое образование. Знание методик сбора, обработки и хранения больших объемов данных, в т.ч. неструктурированных и разнородных. ",от 60 000 руб.
24,Старший экономист,https://spb.hh.ru/vacancy/49539059?from=vacancy_search_list&hhtmFrom=vacancy_search_list&query=%D0%B0%D0%BD%D0%B0%D0%BB%D0%B8%D0%B7%20%D0%B4%D0%B0%D0%BD%D0%BD%D1%8B%D1%85,ООО Кистоун Лоджистикс,Анализ и контроль ведения учета в части своего ЦФО. Участие в автоматизации процессов сбора данных из разных информационных систем. Анализ...Высшее экономическое образование в области экономики и финансов. Знание основ управленческого и бухгалтерского учета. Опыт работы по направлению от 1...,от 70 000 руб.
25,Экономист,https://spb.hh.ru/vacancy/54394378?from=vacancy_search_list&hhtmFrom=vacancy_search_list&query=%D0%B0%D0%BD%D0%B0%D0%BB%D0%B8%D0%B7%20%D0%B4%D0%B0%D0%BD%D0%BD%D1%8B%D1%85,ООО Энергорок-1,"Анализ экономической деятельности предприятия. Расчеты экономических показателей по потребителям. Сверка потребленных объемов. Подготовка и отправка необходимых отчетов.Начинающий специалист (в т.ч., студент). Высшее экономическое образование в сфере энергетики, возможно предоставление учебного отпуска. Ответственность, пунктуальность.",от 40 000 руб.
26,Стажер по проектам (отдел управления проектами и аудитом выкладки),https://spb.hh.ru/vacancy/54140151?from=vacancy_search_list&hhtmFrom=vacancy_search_list&query=%D0%B0%D0%BD%D0%B0%D0%BB%D0%B8%D0%B7%20%D0%B4%D0%B0%D0%BD%D0%BD%D1%8B%D1%85,"Лента, федеральная розничная сеть, Начало карьеры","...торгового оборудования и товаров, в соответствии с нормативами. Работа в программах FloorPlan и Space Planning. Ведение отчётности и анализ данных.Cтуденты последних курсов и выпускники ВУЗов (экономика, маркетинг и технические направления). Знание программ ПК: MS Office (Excel, Word, Outlook). ",20 800 – 34 600 руб.
27,Экономист,https://spb.hh.ru/vacancy/54201087?from=vacancy_search_list&hhtmFrom=vacancy_search_list&query=%D0%B0%D0%BD%D0%B0%D0%BB%D0%B8%D0%B7%20%D0%B4%D0%B0%D0%BD%D0%BD%D1%8B%D1%85,АО НПО ГОИ им. С.И. Вавилова,"Работа с договорами (составление, ведение, согласование), ведение базы данных по договорам. Подготовка данных для планово-экономических нормативов предприятия. Высшее экономическое образование, опыт работы от 3-х лет. Опыт работы в сфере ГОЗ, знание нормативных документов по ценообразованию в...",от 55 000 руб.
28,Ведущий экономист отдела финансово-экономического планирования и анализа,https://spb.hh.ru/vacancy/54241772?from=vacancy_search_list&hhtmFrom=vacancy_search_list&query=%D0%B0%D0%BD%D0%B0%D0%BB%D0%B8%D0%B7%20%D0%B4%D0%B0%D0%BD%D0%BD%D1%8B%D1%85,Северо-Западное главное региональное управление - филиал объединения РОСИНКАС,"Сбор, обработка статистических материалов, составление аналитических таблиц по показателям. Составление калькуляций. Участие в подготовке, составлении текущей и квартальной отчетности. Образование высшее/среднее (экономическое). Уверенный пользователь ПК (Word, Exсel). Коммуникабельность, точность и скрупулезность при работе с цифрами. Опыт экономической работы...",от 40 000 руб.
29,Специалист отдела международных долговых рынков/проект по индексам,https://spb.hh.ru/vacancy/54658759?from=vacancy_search_list&hhtmFrom=vacancy_search_list&query=%D0%B0%D0%BD%D0%B0%D0%BB%D0%B8%D0%B7%20%D0%B4%D0%B0%D0%BD%D0%BD%D1%8B%D1%85,Cbonds.ru,"Развитие проекта по индексам Cbonds: Ведение базы данных (поиск и ввод данных, сверка данных, контроль систем автоматического ввода данных). Высшее экономическое / техническое образование (можно неоконченное, желательно с математическим уклоном). Знание основных понятий финансового рынка. Английский язык - от В2. ",от 55 000 руб.
30,Системный аналитик / IT аналитик,https://spb.hh.ru/vacancy/51799231?from=vacancy_search_list&hhtmFrom=vacancy_search_list&query=%D0%B0%D0%BD%D0%B0%D0%BB%D0%B8%D0%B7%20%D0%B4%D0%B0%D0%BD%D0%BD%D1%8B%D1%85,ООО Артеко,"Сбор, анализ, формализация бизнес-требований заказчика. Постановка задач, разработка документов для разработчиков. Согласование с бизнес-пользователями объема и приоритета задач. Понимание способов интеграции приложений\сервисов. Знание методологий системного анализа, владение и опыт применения современных методик управления требованиями. Понимание принципа разработки...",120 000 – 200 000 руб.
31,Аналитик (remote),https://spb.hh.ru/vacancy/54588414?from=vacancy_search_list&hhtmFrom=vacancy_search_list&query=%D0%B0%D0%BD%D0%B0%D0%BB%D0%B8%D0%B7%20%D0%B4%D0%B0%D0%BD%D0%BD%D1%8B%D1%85,IT Expert,"Анализ предметной области. Общение с заказчиком, согласование решений. Сбор, анализ, управление требованиями. Формализация и документирование требований. Проектирование ИС (объектная модель...Опыт проектирования и понимание принципов работы реляционных баз данных. Знание различных способов требований (Use Cases, UML диаграммы, User Stories и...",от 150 000 руб.
32,Экономист 1 категории отдела управления обработки данных по крупным потребителям,https://spb.hh.ru/vacancy/52656142?from=vacancy_search_list&hhtmFrom=vacancy_search_list&query=%D0%B0%D0%BD%D0%B0%D0%BB%D0%B8%D0%B7%20%D0%B4%D0%B0%D0%BD%D0%BD%D1%8B%D1%85,АО Петербургская сбытовая компания,"Проверка сверочных отчётов по результатам запуска массовых операций расчёта потребления электроэнергии по показаниям приборов учёта. Экономический анализ данных по начислениям...Высшее образование. Опыт работы в энергетике будет являться преимуществом. Уверенное знание программ MS Word, MS Excel. Грамотная устная и письменная...",от 73 510 руб.
33,Экономист,https://spb.hh.ru/vacancy/48657621?from=vacancy_search_list&hhtmFrom=vacancy_search_list&query=%D0%B0%D0%BD%D0%B0%D0%BB%D0%B8%D0%B7%20%D0%B4%D0%B0%D0%BD%D0%BD%D1%8B%D1%85,АО GS Group,"Контроль и обеспечение своевременного предоставления, формирования и загрузки готовых экономических данных по группе ЦФО. Проверка и анализ данных по блокам...Знание программы 1С, понимание процесса формирования данных и назначения документов. Свободное владение Excel (основные функции, сводные таблицы). ",до 47 800 руб.
34,Менеджер по работе с маркетплейсами (Аналитик),https://spb.hh.ru/vacancy/54923851?from=vacancy_search_list&hhtmFrom=vacancy_search_list&query=%D0%B0%D0%BD%D0%B0%D0%BB%D0%B8%D0%B7%20%D0%B4%D0%B0%D0%BD%D0%BD%D1%8B%D1%85,Фотосклад.ру,"Контроль товародвижения на складах маркетплейсов, сверка по товарным остаткам. Аналитика стока и продаж за период. Формирование заказа, передача прочих документов...Опыт работы с большими массивами информации. Успешный опыт работы товарным аналитиком или менеджером по товародвижению от 1 года. ",60 000 – 80 000 руб.
35,Ведущий экономист,https://spb.hh.ru/vacancy/48220522?from=vacancy_search_list&hhtmFrom=vacancy_search_list&query=%D0%B0%D0%BD%D0%B0%D0%BB%D0%B8%D0%B7%20%D0%B4%D0%B0%D0%BD%D0%BD%D1%8B%D1%85,ОАО Машиностроительный завод «Арсенал»,"Взаимодействие с бухгалтерией, сверка данных управленческого и бухгалтерского учета, анализ отклонений. Подготовка статистических и аналитических материалов на основании данных бухгалтерского......факторного анализа. Аналитический склад ума. Умение обрабатывать большие массивы данных с целью формирования отчетов и прогнозов. Знание РСБУ, анализ ФХД. ",90 000 – 100 000 руб.
36,Ведущий экономист планово-экономического отдела,https://spb.hh.ru/vacancy/54778892?from=vacancy_search_list&hhtmFrom=vacancy_search_list&query=%D0%B0%D0%BD%D0%B0%D0%BB%D0%B8%D0%B7%20%D0%B4%D0%B0%D0%BD%D0%BD%D1%8B%D1%85,АО НИИ ПС,"Работа с договорными документами соисполнителей (проверка, согласование, подписание). Анализ РКМ, предъявленных поставщиками ЭКБ и соисполнителями. Контроль себестоимости, план-факт, анализ...Высшее экономическое образование. Знание действующих нормативно-правовых актов в сфере ценообразования по ГОЗ (Постановление Правительства 1465, приказ ФАС 1138/19...",от 55 000 руб.
37,Ведущий экономист финансово-экономического управления,https://spb.hh.ru/vacancy/54898654?from=vacancy_search_list&hhtmFrom=vacancy_search_list&query=%D0%B0%D0%BD%D0%B0%D0%BB%D0%B8%D0%B7%20%D0%B4%D0%B0%D0%BD%D0%BD%D1%8B%D1%85,АО Оборонэнерго,Сбор исходных данных и подготовка отчетных форм в регулирующие органы в соответствии с методикой расчета платы за технологическое присоединение к...Опыт работы по направлению «технологическое присоединение» не менее 3 лет. Знание бухгалтерского учета. Знание методики расчета платы за технологическое присоединение...,72 300 – 77 300 руб.
38,Начальник планово-экономического отдела,https://spb.hh.ru/vacancy/54644695?from=vacancy_search_list&hhtmFrom=vacancy_search_list&query=%D0%B0%D0%BD%D0%B0%D0%BB%D0%B8%D0%B7%20%D0%B4%D0%B0%D0%BD%D0%BD%D1%8B%D1%85,ООО Жилкомсервис №1 Центрального района,"На основе данных бухгалтерского учета проведение анализа исполнения финансового плана. На основе данных бухгалтерского учета и отчетности проведение анализа хозяйственно...Умение работать с большими массивами табличных данных. Навыки проведения финансового анализа, анализа результатов хозяйственной деятельности и экономических показателей. ",от 60 000 руб.
39,Аудитор-Методолог,https://spb.hh.ru/vacancy/54908329?from=vacancy_search_list&hhtmFrom=vacancy_search_list&query=%D0%B0%D0%BD%D0%B0%D0%BB%D0%B8%D0%B7%20%D0%B4%D0%B0%D0%BD%D0%BD%D1%8B%D1%85,ООО РБК,"аудит бухгалтерских баз. - сверки с ИФНС. - экспресс анализ баз. - ввод в работу новых клиентов (постановка учета). - разработка методологии учета и...коммуникабельны. - доброжелательны. - любите профессию. - отлично знаете НК РФ, ПБУ. - умеете перевести НК на простой русский язык. - имеете грамотную речь. - ",от 70 000 руб.
40,Экономист-бухгалтер удалённо,https://spb.hh.ru/vacancy/54522511?from=vacancy_search_list&hhtmFrom=vacancy_search_list&query=%D0%B0%D0%BD%D0%B0%D0%BB%D0%B8%D0%B7%20%D0%B4%D0%B0%D0%BD%D0%BD%D1%8B%D1%85,ИП Емельянцева Светлана Арьевна,"Проводить анализ отклонений «план-факт». -Контроль ввода данных , первичной документации. -Осуществлять экономический анализ хозяйственной деятельности предприятия и его подразделений. Высшее экономическое образование. —Опыт работ на аналогичной должности не менее 3 лет. —Знание всех участков бухгалтерского учета и налогового законодательства. —",40 000 – 42 000 руб.
41,Экономист (ГОЗ),https://spb.hh.ru/vacancy/54318091?from=vacancy_search_list&hhtmFrom=vacancy_search_list&query=%D0%B0%D0%BD%D0%B0%D0%BB%D0%B8%D0%B7%20%D0%B4%D0%B0%D0%BD%D0%BD%D1%8B%D1%85,ООО Инмет,"...контракту в рамках ГОЗ. Подготовка и защита пакета документов для обоснования метода определения цены. Взаимодействие и подготовка данных для бухгалтерии.Высшее образование. Навыки составления, проверки и анализа расчетно-калькуляционных материалов, калькулирования себестоимости, планово-экономической работы. Желательно знание бухгалтерского и раздельного...",от 70 000 руб.
42,Главный экономист,https://spb.hh.ru/vacancy/51473441?from=vacancy_search_list&hhtmFrom=vacancy_search_list&query=%D0%B0%D0%BD%D0%B0%D0%BB%D0%B8%D0%B7%20%D0%B4%D0%B0%D0%BD%D0%BD%D1%8B%D1%85,ООО Галактика,"Контроль исполнения бюджета, анализ дебиторской и кредиторской задолженности, эффективности и использования денежных средств. Анализ проведения тендеров, заключаемых договоров. Опыт работы более 3-х лет. Отличное знание Excel (обработка больших объемов данных, организация межформенного контроля). Грамотная устная и письменная...",110 000 – 130 000 руб.
43,Экономист,https://spb.hh.ru/vacancy/54621883?from=vacancy_search_list&hhtmFrom=vacancy_search_list&query=%D0%B0%D0%BD%D0%B0%D0%BB%D0%B8%D0%B7%20%D0%B4%D0%B0%D0%BD%D0%BD%D1%8B%D1%85,НПК Морсвязьавтоматика,"План-фактный анализ по подразделению, расчет показателей эффективности подразделения. Контроль внесения фактических данных в систему учета предприятия. Списание материальных затрат...Высшее экономическое образование. Опыт работы на производственном предприятии. Знание методов расчета себестоимости (управленческий учет). Понимание принципов бухгалтерского и налогового учета. ",от 55 000 руб.
44,Специалист на программу ВТБ РОСТ в Технологический блок,https://spb.hh.ru/vacancy/54902165?from=vacancy_search_list&hhtmFrom=vacancy_search_list&query=%D0%B0%D0%BD%D0%B0%D0%BB%D0%B8%D0%B7%20%D0%B4%D0%B0%D0%BD%D0%BD%D1%8B%D1%85,Changellenge,"Данное направление включает в себя ИТ-подразделения, специализирующиеся на анализе данных и моделировании, идентификации, оценке и мониторинге рисков, экспертизе и...В том числе Студенты и выпускники магистратуры. Специализация: экономика, финансы, инженерно-технический и физико-математический профиль, информационные технологии. ",до 100 000 руб.
45,Ведущий специалист планово-экономического отдела,https://spb.hh.ru/vacancy/54879861?from=vacancy_search_list&hhtmFrom=vacancy_search_list&query=%D0%B0%D0%BD%D0%B0%D0%BB%D0%B8%D0%B7%20%D0%B4%D0%B0%D0%BD%D0%BD%D1%8B%D1%85,Государственное бюджетное учреждение Ленинградской области Многофункциональный центр предоставления государственных и муниципальных услуг,"Составление пояснительных записок к плану финансово-хозяйственной деятельности . Сбор, обработка, анализ информации для составления плана финансово-хозяйственной деятельности. Умение работать с большим массивом данных. Коммуникативные навыки, точность и скрупулезность при работе с цифрами. Опыт экономической работы от 1...",50 000 – 55 000 руб.
46,Специалист по ценообразованию (сметный отдел),https://spb.hh.ru/vacancy/54900466?from=vacancy_search_list&hhtmFrom=vacancy_search_list&query=%D0%B0%D0%BD%D0%B0%D0%BB%D0%B8%D0%B7%20%D0%B4%D0%B0%D0%BD%D0%BD%D1%8B%D1%85,АО Эн-Системс,"Составление сводных таблиц с ценами для оборудования и материалов по каждому объекту. Анализ ценообразования оборудования и материалов по всем выпускаемым...Высшее образование (техническое). Аналогичный опыт работы от 1 года. Опыт работы с большими объемами информации, базами данных, табличными формами. ",70 000 – 75 000 руб.
47,Менеджер по работе с маркетплейсами,https://spb.hh.ru/vacancy/54735508?from=vacancy_search_list&hhtmFrom=vacancy_search_list&query=%D0%B0%D0%BD%D0%B0%D0%BB%D0%B8%D0%B7%20%D0%B4%D0%B0%D0%BD%D0%BD%D1%8B%D1%85,ООО Карвиль,"Анализ условий и организация участия в акциях, предлагаемых площадками. Анализ ценообразования и внесение изменений в существующую логику. Контроль дебиторской задолженности. Опыт работы с маркетплейсами от 1 года. Высшее образование. Хорошие коммуникативные навыки. Уверенный пользователь Excel (в т.ч. функции ВПР). ",70 000 – 90 000 руб.
48,Менеджер программы лояльности,https://spb.hh.ru/vacancy/54660700?from=vacancy_search_list&hhtmFrom=vacancy_search_list&query=%D0%B0%D0%BD%D0%B0%D0%BB%D0%B8%D0%B7%20%D0%B4%D0%B0%D0%BD%D0%BD%D1%8B%D1%85,"ЗооОптТорг.рф, сеть зоомагазинов","...текстов, отправка, анализ результатов и корректировка действий по результатам. Анализ потребностей покупателей в рамках программы лояльности. Анализ базы данных участников...Высшее образование. Опыт работы на аналогичной должности от 1 года. Опыт участия в построении и развитии программы лояльности. ",от 100 000 руб.
49,"Главный специалист (Управление инвестиционного планирования), г.Мончегорск",https://spb.hh.ru/vacancy/54876086?from=vacancy_search_list&hhtmFrom=vacancy_search_list&query=%D0%B0%D0%BD%D0%B0%D0%BB%D0%B8%D0%B7%20%D0%B4%D0%B0%D0%BD%D0%BD%D1%8B%D1%85,Норникель,"Формирование ожидаемых и фактических данных по инвестиционным проектам/программам. Контроль документов на полноту состава и содержания, экономическая/техническая целесообразность. Высшее профессиональное образование . Приветствуется опыт работы по направлению планирования и бюджетирования на промышленных предприятиях. Уверенный пользователь ПК: Microsoft Office, Excel.",130 000 – 140 000 руб.
50,Главный специалист (технолог системы корпоративного электронного документооборота),https://spb.hh.ru/vacancy/54909902?from=vacancy_search_list&hhtmFrom=vacancy_search_list&query=%D0%B0%D0%BD%D0%B0%D0%BB%D0%B8%D0%B7%20%D0%B4%D0%B0%D0%BD%D0%BD%D1%8B%D1%85,Газпром межрегионгаз,"3. Подготовка и анализ отчетной информации: - формирование отчетов. - изучение сложившейся практики процессов документооборота. - подготовка предложений по их оптимизации. 4. знания в области реляционных баз данных (Oracle, MS SQL), навыки использования SQL-запросов для составления отчетов. - знание основных спецификаций XML. - ",80 000 – 100 000 руб.
51,Специалист по экономической безопасности,https://spb.hh.ru/vacancy/54798400?from=vacancy_search_list&hhtmFrom=vacancy_search_list&query=%D0%B0%D0%BD%D0%B0%D0%BB%D0%B8%D0%B7%20%D0%B4%D0%B0%D0%BD%D0%BD%D1%8B%D1%85,ООО Стройгазсервис,"Оперативная проверка полного пакета документов контрагента. Проверка контрагентов на благонадёжность. Анализ поручителей. Проверка имущества. Проверка транспортных компаний. Проверка утверждённых кандидатов...Уверенные знания проверки контрагентов / физических лиц. Знание законов РФ (по данному профилю). Уверенное знание информационных ресурсов (ФССП, ФНС, реестр залогов...",60 000 – 70 000 руб.
52,Социолог,https://spb.hh.ru/vacancy/54930377?from=vacancy_search_list&hhtmFrom=vacancy_search_list&query=%D0%B0%D0%BD%D0%B0%D0%BB%D0%B8%D0%B7%20%D0%B4%D0%B0%D0%BD%D0%BD%D1%8B%D1%85,ФГБОУ ВО Санкт-Петербургский государственный университет,"4. Координация запуска исследований и сбора данных. 5. Анализ количественных и качественных данных. 6. Подготовка аналитических и презентационных отчетов по...Опыт участия в проведении социологических исследований. 4. Навыки поиска и анализа литературы. 5. Аналитические навыки, навыки подготовки отчетов и презентации...",от 45 000 руб.
53,Администратор баз данных,https://spb.hh.ru/vacancy/42815605?from=vacancy_search_list&hhtmFrom=vacancy_search_list&query=%D0%B0%D0%BD%D0%B0%D0%BB%D0%B8%D0%B7%20%D0%B4%D0%B0%D0%BD%D0%BD%D1%8B%D1%85,Филиал ФКУ Налог-Сервис ФНС России по ЦОД в г.Москве,"Администрирование одной из СУБД Oracle, MSSQL, PostgreSQL и др. Анализ и оптимизация производительности баз данных. Написание инструкций и скриптов для...Высшее техническое образование. Знание теоретических основ реляционных БД и языка SQL. Практический опыт работы по следующим направлениям: администрирование СУБД Oracle...",80 000 – 120 000 руб.
54,Product manager / Product Analyst,https://spb.hh.ru/vacancy/54548399?from=vacancy_search_list&hhtmFrom=vacancy_search_list&query=%D0%B0%D0%BD%D0%B0%D0%BB%D0%B8%D0%B7%20%D0%B4%D0%B0%D0%BD%D0%BD%D1%8B%D1%85,KiteGroup,"Анализировать эффективности каналов привлечения пользователей. Настраивать сбор и мониторинг данных, визуализировать ключевые метрики в отчетах и дашбордах. Умение проводить А...Опыт работы в качестве product manager/product analyst от 1 года. Опыт автоматизации процессов аналитики. Понимание базовых продуктовых метрик. ",от 90 000 руб.
55,Финансовый менеджер,https://spb.hh.ru/vacancy/54885512?from=vacancy_search_list&hhtmFrom=vacancy_search_list&query=%D0%B0%D0%BD%D0%B0%D0%BB%D0%B8%D0%B7%20%D0%B4%D0%B0%D0%BD%D0%BD%D1%8B%D1%85,ООО ПитерОйл,"...корректировка отчетов в Excel при необходимости, отправка отчетов клиентам. Формирование сводных отчетов, структурирование и анализ данных. Выполнение иных поручений руководства.Владение ПК и офисной техникой на уровне уверенного пользователя. Знание Exсel и 1С, умение работать с цифрами, сводными таблицами...",50 000 – 60 000 руб.
56,Трейд-маркетолог,https://spb.hh.ru/vacancy/54913926?from=vacancy_search_list&hhtmFrom=vacancy_search_list&query=%D0%B0%D0%BD%D0%B0%D0%BB%D0%B8%D0%B7%20%D0%B4%D0%B0%D0%BD%D0%BD%D1%8B%D1%85,Улыбка радуги,"Оценка эффективности трейд-маркетинговых мероприятий, формирование отчетности для поставщиков, анализ продаж. Анализ рекламной и трейд-маркетинговой активности конкурентов. Высшее образование (желательно в сфере маркетинга или менеджмента). Аналитические способности. Знание основ экономики и финансов будет являться преимуществом. ",от 80 000 руб.
57,Финансовый директор,https://spb.hh.ru/vacancy/54770490?from=vacancy_search_list&hhtmFrom=vacancy_search_list&query=%D0%B0%D0%BD%D0%B0%D0%BB%D0%B8%D0%B7%20%D0%B4%D0%B0%D0%BD%D0%BD%D1%8B%D1%85,ООО Формула2,"Построение финансовой модели при создании новых проектов. Контроль работы бухгалтерии в части налоговой оптимизации. Анализ финансовых показателей, рекомендации по их...Знание бухгалтерского, налогового и управленческого учетов, финансового менеджмента, методов финансового анализа и планирования. Опыт финансового анализа и подготовки управленческой отчетности. ",130 000 – 170 000 руб.
58,Менеджер по маркетингу,https://spb.hh.ru/vacancy/54136095?from=vacancy_search_list&hhtmFrom=vacancy_search_list&query=%D0%B0%D0%BD%D0%B0%D0%BB%D0%B8%D0%B7%20%D0%B4%D0%B0%D0%BD%D0%BD%D1%8B%D1%85,ООО Звукоизоляционные Европейские Технологии,"Взаимодействие с подрядчиками (типографии, фрилансеры и т.д.). Консолидация данных и подготовка отчетности по эффективности маркетинга и продаж. Высшее образование, опыт работы в отделе маркетинга от 3 лет. Общий технический кругозор, умение работать с технической информацией (сферой). ",100 000 – 120 000 руб.
59,Менеджер Битрикс24,https://spb.hh.ru/vacancy/54697854?from=vacancy_search_list&hhtmFrom=vacancy_search_list&query=%D0%B0%D0%BD%D0%B0%D0%BB%D0%B8%D0%B7%20%D0%B4%D0%B0%D0%BD%D0%BD%D1%8B%D1%85,ИП Кондраков Артур Андреевич,"Сбор данных для ТЗ новых клиентов. Ведение проектов по внедрению Битрикс 24 в Компании и у клиентов. Ведение текущей клиентской...Опыт адаптации CRM под требования клиента - желателен. Умение эффективно презентовать продукт. Навыки анализа и описания бизнес-процессов предприятия заказчика, составление...",40 000 – 70 000 руб.
60,Ведущий менеджер направления Маркетплейсы,https://spb.hh.ru/vacancy/54915994?from=vacancy_search_list&hhtmFrom=vacancy_search_list&query=%D0%B0%D0%BD%D0%B0%D0%BB%D0%B8%D0%B7%20%D0%B4%D0%B0%D0%BD%D0%BD%D1%8B%D1%85,KASANIE,"Систематизация работы с текущими клиентами, достижение предельных показателей. Привлечение новых клиентов, ориентация на долгосрочные отношения. Расширение ассортимента, ввод в ассортимент...Высокие аналитические способности, навыки сбора и систематизации и анализа больших объемов данных (Excel Ваше всё). Обязателен опыт работы в E...",60 000 – 120 000 руб.
61,Трафик-менеджер (удалённо),https://spb.hh.ru/vacancy/54723773?from=vacancy_search_list&hhtmFrom=vacancy_search_list&query=%D0%B0%D0%BD%D0%B0%D0%BB%D0%B8%D0%B7%20%D0%B4%D0%B0%D0%BD%D0%BD%D1%8B%D1%85,Школа развития памяти Константина Дудина,"Принятия решений на основе анализа и полученных данных. Генерирование гипотез по повышению ROMI. Планирование и реализация стратегии по повышению ROMI. Каким опытом нужно обладать: Опыт в реализации и запуске онлайн-проектов (онлайн-школы, тренинги, инфокурсы). Опыт руководства отделом или группой...",от 60 000 руб.
62,Менеджер по развитию,https://spb.hh.ru/vacancy/51197068?from=vacancy_search_list&hhtmFrom=vacancy_search_list&query=%D0%B0%D0%BD%D0%B0%D0%BB%D0%B8%D0%B7%20%D0%B4%D0%B0%D0%BD%D0%BD%D1%8B%D1%85,NewGen Vision,"Поиск специалистов на специализированных платформах. Поиск и анализ данных. Изучение новых бизнес-сфер. Закупка товаров для офиса.Гибкий ум и стремление к профессиональному развитию. Умение анализировать и аргументировать. Наблюдательность, внимательность к деталям. Развитый эмоциональный интеллект.",35 000 – 50 000 руб.
63,Ведущий специалист Службы информационной поддержки Отдела информационно-технической поддержки,https://spb.hh.ru/vacancy/51918279?from=vacancy_search_list&hhtmFrom=vacancy_search_list&query=%D0%B0%D0%BD%D0%B0%D0%BB%D0%B8%D0%B7%20%D0%B4%D0%B0%D0%BD%D0%BD%D1%8B%D1%85,СПб ГУП «АТС Смольного»,"Разработка нормативных документов, сценариев/скриптов для операторов Службы 122. Контроль и анализ телефонных звонков поступающих в «Единую региональную информационно-справочную...Высшее образование. Уверенный пользователь ПК Microsoft Word, Excel. Умение работать в режиме многозадачности. Навыки управления персоналом. Обязателен опыт работы в...",59 400 – 59 400 руб.
64,Специалист по контекстной рекламе / PPC специалист,https://spb.hh.ru/vacancy/54846688?from=vacancy_search_list&hhtmFrom=vacancy_search_list&query=%D0%B0%D0%BD%D0%B0%D0%BB%D0%B8%D0%B7%20%D0%B4%D0%B0%D0%BD%D0%BD%D1%8B%D1%85,ООО TRINET,"Разработка стратегии. Подбор ключевых слов. Анализ конкурентов. Создание и ведение рекламных кампаний. Работа с сервисами веб-аналитики. Разработка стратегий оптимизации...Умение сводить отчеты до ROI при наличии необходимых данных. Рост компетенций в области маркетинга, аналитики и различных смежных областей – в...",от 70 000 руб.
65,Руководитель проекта - продажи на маркетплейсах,https://spb.hh.ru/vacancy/54898730?from=vacancy_search_list&hhtmFrom=vacancy_search_list&query=%D0%B0%D0%BD%D0%B0%D0%BB%D0%B8%D0%B7%20%D0%B4%D0%B0%D0%BD%D0%BD%D1%8B%D1%85,AliRadar,Управление процессами и ответственность за финансовые результаты направления Торговля на маркетплейсе. Координация работы команды: менеджеров и аналитика товаров/скаута. Опыт работы с Wildberries от года: понимание алгоритмов продвижения карточек и принципов работы Wb. Аналитический подход к своей работе: сделал...,100 000 – 200 000 руб.
66,Математик-программист (Java),https://spb.hh.ru/vacancy/41750593?from=vacancy_search_list&hhtmFrom=vacancy_search_list&query=%D0%B0%D0%BD%D0%B0%D0%BB%D0%B8%D0%B7%20%D0%B4%D0%B0%D0%BD%D0%BD%D1%8B%D1%85,Nord.Codes,"Разработка поведенческих моделей игрока на основе анализа большого количества данных реальной игры. Анализ требований законодательства различных международных юрисдикций, подготовка документации...Хорошее знание основ теории вероятностей, комбинаторики и математической статистики. Уверенное владение языком программирования Java.",150 000 – 300 000 руб.
67,Менеджер по маркетингу,https://spb.hh.ru/vacancy/50142276?from=vacancy_search_list&hhtmFrom=vacancy_search_list&query=%D0%B0%D0%BD%D0%B0%D0%BB%D0%B8%D0%B7%20%D0%B4%D0%B0%D0%BD%D0%BD%D1%8B%D1%85,Управляющая компания MKS Management Company,"Поиск и внедрение новых каналов продвижения, реализация кросс-маркетинговых мероприятий, работа с партнерами. Анализ эффективности проведенных мероприятий, эффективности работы сайта...Имеет опыт работы от 1 года в подобной должности. Профессионально владеет Excel. Любит и умеет составлять сложную аналитику и отчеты...",от 60 000 руб.
68,"Ведущий аналитик 1С (ERP, УТ, ЗУП, БП, ДО)",https://spb.hh.ru/vacancy/42018113?from=vacancy_search_list&hhtmFrom=vacancy_search_list&query=%D0%B0%D0%BD%D0%B0%D0%BB%D0%B8%D0%B7%20%D0%B4%D0%B0%D0%BD%D0%BD%D1%8B%D1%85,СофтБаланс,"Участие в проектах сопровождения/внедрения в качестве ведущего аналитика: Обследование структуры и бизнес-процессов заказчика. Анализ баз данных, выявление несоответствий...Исполнительность, пунктуальность, нацеленность на результат. Знание методик исследования, анализа и моделирования бизнес-процессов, знание различных нотаций (IDEF, BPMN и т. ",80 000 – 120 000 руб.
69,CRM-маркетолог,https://spb.hh.ru/vacancy/54408572?from=vacancy_search_list&hhtmFrom=vacancy_search_list&query=%D0%B0%D0%BD%D0%B0%D0%BB%D0%B8%D0%B7%20%D0%B4%D0%B0%D0%BD%D0%BD%D1%8B%D1%85,ООО МКК Киберлэндинг,"Проводить регулярный мониторинг и анализ показателей эффективности омниканальных цепочек, оптимизировать кампании для текущих клиентов на основе данных (выявление слабых точек......можно решить с помощью команды и мозгового штурма. Плюс, если не представляете свою жизнь без больших данных и креативного взгляда.",от 100 000 руб.
70,Менеджер по работе с дебиторской задолженностью,https://spb.hh.ru/vacancy/54572697?from=vacancy_search_list&hhtmFrom=vacancy_search_list&query=%D0%B0%D0%BD%D0%B0%D0%BB%D0%B8%D0%B7%20%D0%B4%D0%B0%D0%BD%D0%BD%D1%8B%D1%85,ООО Микрокредитная компания Финансовый корпус,"Проверки по базам должников, сбор и анализ данных. Мониторинг и оценка платежеспособности физ. лиц- предпринимателей и их бизнесов. Опыт работы с проблемной задолженностью- малым бизнесом от 5 лет. Аналитический склад ума, умение анализировать данные по физ. ",80 000 – 180 000 руб.
71,Химик-технолог,https://spb.hh.ru/vacancy/54488137?from=vacancy_search_list&hhtmFrom=vacancy_search_list&query=%D0%B0%D0%BD%D0%B0%D0%BB%D0%B8%D0%B7%20%D0%B4%D0%B0%D0%BD%D0%BD%D1%8B%D1%85,ООО Олигоматрикс,"Работа со вспомогательным лабораторным оборудованием. Сбор, анализ и фиксация полученных данных. Ведение лабораторной документации (планы и протоколы эксперимента, журналы, заполняемые...Профильное образование (химическое, биохимическое). Теоретические знания основ хроматографии. Опыт работы на хроматографическом (аналитическая, препаративная хроматография) и фильтрационном оборудовании будет вашим...",от 50 000 руб.
72,Финансовый директор,https://spb.hh.ru/vacancy/54210799?from=vacancy_search_list&hhtmFrom=vacancy_search_list&query=%D0%B0%D0%BD%D0%B0%D0%BB%D0%B8%D0%B7%20%D0%B4%D0%B0%D0%BD%D0%BD%D1%8B%D1%85,ООО Отельеры,"...реализации ФП, достоверности данных. - Контроль внесения доходов, денежных средств, контроль заявок в программе манаджет. - Изучение и экономический анализ источников дохода...опытный финансовый директор, знающий и работающий по методам финансового планирования технологии АТМ.",от 150 000 руб.
73,Специалист тендерного отдела,https://spb.hh.ru/vacancy/54841375?from=vacancy_search_list&hhtmFrom=vacancy_search_list&query=%D0%B0%D0%BD%D0%B0%D0%BB%D0%B8%D0%B7%20%D0%B4%D0%B0%D0%BD%D0%BD%D1%8B%D1%85,ООО Аргус,"Осуществление ежедневного мониторинга специализированных сайтов, поисковых систем, торговых площадок по объявлению государственных и коммерческих тендеров. Анализ вышедших закупок и оценка...Аналогичный опыт работы в тендерном отделе со стороны Исполнителя будет вашим преимуществом. Умение читать документацию и работать с документами. ",от 40 000 руб.
74,Руководитель отдела закупок,https://spb.hh.ru/vacancy/54217161?from=vacancy_search_list&hhtmFrom=vacancy_search_list&query=%D0%B0%D0%BD%D0%B0%D0%BB%D0%B8%D0%B7%20%D0%B4%D0%B0%D0%BD%D0%BD%D1%8B%D1%85,ООО Вальд,5. Разработка и контроль исполнения бюджета отдела. 6. Анализ и контроль закупочных цен. 7. Планирование и отслеживание платежей и отгрузок. Предпочтительно в торговых и производственных компаниях. Приветствуется: Знание СУБД (систем управления базами данных). Требования: - высшее образование (очная форма обучения). - ,от 130 000 руб.
75,Директор по маркетингу,https://spb.hh.ru/vacancy/54460362?from=vacancy_search_list&hhtmFrom=vacancy_search_list&query=%D0%B0%D0%BD%D0%B0%D0%BB%D0%B8%D0%B7%20%D0%B4%D0%B0%D0%BD%D0%BD%D1%8B%D1%85,АО Совплим,"Анализ собственной продукции, позиционирование, место на рынке. Изучение внутренних данных. Анализ продаж по группам, продуктам, регионам, каналам сбыта, оценка динамики......анализа рыночного окружения, умение собирать информацию из открытых источников для целей маркетингового планирования. Знание методов сбора, систематизации, обработки и анализа...",120 000 – 250 000 руб.
76,Инженер (Группа планирования и мониторинга поставок),https://spb.hh.ru/vacancy/54659749?from=vacancy_search_list&hhtmFrom=vacancy_search_list&query=%D0%B0%D0%BD%D0%B0%D0%BB%D0%B8%D0%B7%20%D0%B4%D0%B0%D0%BD%D0%BD%D1%8B%D1%85,ООО Велесстрой,"Осуществление контроля соблюдения графика поставки МТР (выявление отставаний, анализ количества/ объема фактически поставленных МТР, мониторинг потребности в дополнительной поставке МТР...Стаж работы в должности инженера на строительном объекте, мастера на строительном объекте, бригадира на строительном объекте от 1 года. ",110 000 – 140 000 руб.
77,Руководитель проектов eCommerce,https://spb.hh.ru/vacancy/54477850?from=vacancy_search_list&hhtmFrom=vacancy_search_list&query=%D0%B0%D0%BD%D0%B0%D0%BB%D0%B8%D0%B7%20%D0%B4%D0%B0%D0%BD%D0%BD%D1%8B%D1%85,Среда,"Эксперт в области создания аналитических систем для обработки больших данных. Разработчик инновационных продуктов в области страхования и электронной коммерции для...Опыт работы в проектах по созданию высоконагруженных платформенных решений (SaaS). Опыт работы в проектах с применением технологий машинного обучения, искусственного...",от 120 000 руб.
78,Ведущий маркетолог,https://spb.hh.ru/vacancy/54480289?from=vacancy_search_list&hhtmFrom=vacancy_search_list&query=%D0%B0%D0%BD%D0%B0%D0%BB%D0%B8%D0%B7%20%D0%B4%D0%B0%D0%BD%D0%BD%D1%8B%D1%85,RAMM,"Масштабировать трафик с контекстной рекламы и выполнять план по заявкам (сейчас 1500 шт/месяц, нужно от 3000 при сохранении CPO...Любить дедлайны. Строить логичные выводы на основе анализа данных  готовность к самостоятельной работе, не ждешь тасков. Одним из входных заданий...",70 000 – 150 000 руб.
79,Специалист со знанием английского языка,https://spb.hh.ru/vacancy/50979622?from=vacancy_search_list&hhtmFrom=vacancy_search_list&query=%D0%B0%D0%BD%D0%B0%D0%BB%D0%B8%D0%B7%20%D0%B4%D0%B0%D0%BD%D0%BD%D1%8B%D1%85,NewGen Vision,"Поиск специалистов на специализированных платформах. Поиск и анализ данных. Изучение новых бизнес-сфер. Офис-менеджмент.Английский на уровне B2 (Upper-Intermediate) и выше — работа предполагает изучение англоязычного контента, аналтическую работу с источниками на английском...",30 000 – 45 000 руб.
80,Исполнительный директор,https://spb.hh.ru/vacancy/54624520?from=vacancy_search_list&hhtmFrom=vacancy_search_list&query=%D0%B0%D0%BD%D0%B0%D0%BB%D0%B8%D0%B7%20%D0%B4%D0%B0%D0%BD%D0%BD%D1%8B%D1%85,ООО Фармон,"Оценка показателей деятельности, принятие оптимальных управленческих решений на основе анализа данных. Управление персоналом: мотивация, наставничество. Декомпозиция стратегических целей компании, обеспечение...Опыт работы на руководящих должностях. Системный тип мышления. Опыт выстраивания/реинжиниринга бизнес-процессов. Умение грамотно выстраивать работу команды, мотивировать каждого...",от 150 000 руб.
81,Инженер по нормированию труда,https://spb.hh.ru/vacancy/50897407?from=vacancy_search_list&hhtmFrom=vacancy_search_list&query=%D0%B0%D0%BD%D0%B0%D0%BB%D0%B8%D0%B7%20%D0%B4%D0%B0%D0%BD%D0%BD%D1%8B%D1%85,ООО ПРОСТОР,Предварительный укрупнённый расчет трудоёмкости изготовления деталей на этапе разработки. Ведение базы данных (ввод и корректировка норм трудоёмкости). Участие в мероприятиях...Высшее техническое (инженерное) образование в области машиностроения. Умение читать чертежи и спецификации. Умение или готовность проводить нормирование работ по механической...,до 65 000 руб.
82,Закупщик,https://spb.hh.ru/vacancy/54493375?from=vacancy_search_list&hhtmFrom=vacancy_search_list&query=%D0%B0%D0%BD%D0%B0%D0%BB%D0%B8%D0%B7%20%D0%B4%D0%B0%D0%BD%D0%BD%D1%8B%D1%85,ООО Trailer Technology,"Осуществление организации оперативного учета снабженческих операций. Внесение данных о товаре в учетную систему 1С, участие в процессе ценообразования (мониторинг...Опыт работы на аналогичной должности от 1-го года (менеджер/специалист/инженер по снабжению). Образование не ниже среднего-специального. ",от 60 000 руб.
83,Координатор отдела продаж,https://spb.hh.ru/vacancy/54554688?from=vacancy_search_list&hhtmFrom=vacancy_search_list&query=%D0%B0%D0%BD%D0%B0%D0%BB%D0%B8%D0%B7%20%D0%B4%D0%B0%D0%BD%D0%BD%D1%8B%D1%85,ООО Диалог-Техника,"Работа в программе 1С: ввод информации в базу данных и оформление первичных бухгалтерских документов (заявки покупателей, коммерческие предложения, счета...Опыт работы от 3-х лет. - Знание 1С. - Знание 223-ФЗ, основных ЭТП. - Знание английского языка не ниже В...",от 66 000 руб.
84,Специалист по входному контролю ЭКБ,https://spb.hh.ru/vacancy/54923819?from=vacancy_search_list&hhtmFrom=vacancy_search_list&query=%D0%B0%D0%BD%D0%B0%D0%BB%D0%B8%D0%B7%20%D0%B4%D0%B0%D0%BD%D0%BD%D1%8B%D1%85,ООО ОЭС Спецпоставка,"...внесение данных в информационные системы. Осуществление регистрации несоответствий, анализ и отчетность причин их возникновения. Ведение рекламационной работы с заказчиком. Анализ...Высшее инженерно-техническое образование: технические ВУЗы, готовящие инженеров в сфере электроники, радиоэлектроники, приборостроения. Желателен опыт работы на аналогичной должности от...",от 50 000 руб.
85,Региональный менеджер,https://spb.hh.ru/vacancy/54778601?from=vacancy_search_list&hhtmFrom=vacancy_search_list&query=%D0%B0%D0%BD%D0%B0%D0%BB%D0%B8%D0%B7%20%D0%B4%D0%B0%D0%BD%D0%BD%D1%8B%D1%85,ООО ТрейдКом,"учёт: уверенное пользование работы в Excel. Умение обрабатывать большое кол-во данных для анализа и составления отчётов. Формирование отчетов, графиков. Продвинутый пользователь Excel, 1C. Умение вести деловые переговоры с контрагентами и региональными представителями. Опыт работы на 60, 62 счете...",от 50 000 руб.
86,Программист 1С,https://spb.hh.ru/vacancy/54876331?from=vacancy_search_list&hhtmFrom=vacancy_search_list&query=%D0%B0%D0%BD%D0%B0%D0%BB%D0%B8%D0%B7%20%D0%B4%D0%B0%D0%BD%D0%BD%D1%8B%D1%85,ПАО БАНК «СИАБ»,Разработка ПО на платформе 1С для внутреннего финансового и кадрового учета Банка. Разработка интеграционных решений для взаимодействия систем 1...Знание принципов бюджетирования организации. Знание 1С АХД. Знание банковского плана счетов. Интерес к анализу данных. Знание общесистемного языка программирования.,140 000 – 140 000 руб.
87,QA инженер (автоматическое + ручное) Python СберТех,https://spb.hh.ru/vacancy/54875902?from=vacancy_search_list&hhtmFrom=vacancy_search_list&query=%D0%B0%D0%BD%D0%B0%D0%BB%D0%B8%D0%B7%20%D0%B4%D0%B0%D0%BD%D0%BD%D1%8B%D1%85,SberTech,"Проведение нагрузочных испытаний продукта и его частей, обработка и анализ полученных данных. Ручное тестирование (в отдельных случаях, например, при разовой...Опыт администрирования UNIX-систем, компьютерных сетей, конфигурации сетевого оборудования. Опыт тестирования web приложений. Опыт работы с базами данных, знание SQL. ",до 220 000 руб.
88,Специалист тендерного отдела,https://spb.hh.ru/vacancy/54577372?from=vacancy_search_list&hhtmFrom=vacancy_search_list&query=%D0%B0%D0%BD%D0%B0%D0%BB%D0%B8%D0%B7%20%D0%B4%D0%B0%D0%BD%D0%BD%D1%8B%D1%85,"Торус, Группа компаний","Мониторинг закупок с использованием аналитических программ. Формирование статистических данных с использованием программ по группам: номенклатура, Заказчики, потенциальные поставщики, оценка рисков...Высшее образование (приветствуется). Наличие разностороннего опыта в части 44/223 ФЗ, коммерческих тендеров от 2-х лет. Знание Законодательной базы...",от 70 000 руб.
89,Инженер-химик,https://spb.hh.ru/vacancy/54386197?from=vacancy_search_list&hhtmFrom=vacancy_search_list&query=%D0%B0%D0%BD%D0%B0%D0%BB%D0%B8%D0%B7%20%D0%B4%D0%B0%D0%BD%D0%BD%D1%8B%D1%85,ООО Эко-Экспресс-Сервис,Также для сотрудников испытательной лаборатории ежедневно сервируется обед в ресторане. - проведение количественного химического анализа объектов окружающей среды (вода/ почва). - имеют опыт работы в аккредитованной лаборатории от 1 года и выше. - закончили профильное высшее учебное заведение.,от 47 000 руб.
90,Менеджер/Руководитель проектов,https://spb.hh.ru/vacancy/52255553?from=vacancy_search_list&hhtmFrom=vacancy_search_list&query=%D0%B0%D0%BD%D0%B0%D0%BB%D0%B8%D0%B7%20%D0%B4%D0%B0%D0%BD%D0%BD%D1%8B%D1%85,ООО АИС,"Разработка и управление реализацией плана коммуникаций проектной команды. Анализ и оптимизация работы участников проектной команды в ходе реализации проекта. Высшее техническое образование. Опыт ведения проектов в сфере проектирования и разработки прикладного программного обеспечения АСУ ТП, от получения Feed до...",от 100 000 руб.
91,ABAP-разработчик,https://spb.hh.ru/vacancy/37190201?from=vacancy_search_list&hhtmFrom=vacancy_search_list&query=%D0%B0%D0%BD%D0%B0%D0%BB%D0%B8%D0%B7%20%D0%B4%D0%B0%D0%BD%D0%BD%D1%8B%D1%85,"Балтийский лизинг, группа компаний","...на платформе SAP. Создание программ, интерфейсов, отчетов на языке ABAP. Тестирование всех разработок. Анализ ошибок, оптимизация программ. Документальное оформление разработок.Знание технологий написания отчетов: ALV Grid, ALV Tree и ввода данных: Batch-Input, BAPI, LSMW. Опыт написания расширений (User exits...",от 160 000 руб.
92,Email - маркетолог (с навыками копирайтера),https://spb.hh.ru/vacancy/54628183?from=vacancy_search_list&hhtmFrom=vacancy_search_list&query=%D0%B0%D0%BD%D0%B0%D0%BB%D0%B8%D0%B7%20%D0%B4%D0%B0%D0%BD%D0%BD%D1%8B%D1%85,ООО Город Инвесторов,"Вы владеете инструментами сбора аудиторий и анализом площадок. - Создавать и контролировать план рассылок. - Создавать и отправлять прогревные, контентные и дожимные...У вас сильные аналитические навыки, вы умеете работать с большими базами данных и с большим потоком рассылок. - Вы понимаете и...",60 000 – 100 000 руб.
93,Интернет маркетолог в туристическую компанию (настройка контекстной и таргетированной рекламы),https://spb.hh.ru/vacancy/54897991?from=vacancy_search_list&hhtmFrom=vacancy_search_list&query=%D0%B0%D0%BD%D0%B0%D0%BB%D0%B8%D0%B7%20%D0%B4%D0%B0%D0%BD%D0%BD%D1%8B%D1%85,ООО Авс Трэвел,Подключение средств аналитики трафика и регулярный сбор аналитических данных с целью оптимизации рекламных кампаний. Корректировка рекламных кампаний для достижения оптимального...ОБЯЗАТЕЛЬНО: Большой опыт в настройке контекстной и таргетированной рекламы в сфере услуг (в идеале - в сфере туризма). Глубокое понимание рекламных...,50 000 – 200 000 руб.
94,Junior Backend-разработчик (Python),https://spb.hh.ru/vacancy/54687196?from=vacancy_search_list&hhtmFrom=vacancy_search_list&query=%D0%B0%D0%BD%D0%B0%D0%BB%D0%B8%D0%B7%20%D0%B4%D0%B0%D0%BD%D0%BD%D1%8B%D1%85,ООО ЛИИС Инженерные Решения,"Активно участвовать во всех этапах разработки в составе scrum-команды: от сбора и анализа требований, до написания кода и релизных...Знание фреймворков Flask/ Django (DRF). Опыт работы с SQL базами данных. Знания Git. Опыт работы с Docker, Docker-compose, Celery...",от 50 000 руб.
95,Ведущий программист-разработчик 1С,https://spb.hh.ru/vacancy/54875288?from=vacancy_search_list&hhtmFrom=vacancy_search_list&query=%D0%B0%D0%BD%D0%B0%D0%BB%D0%B8%D0%B7%20%D0%B4%D0%B0%D0%BD%D0%BD%D1%8B%D1%85,ООО АйТи Бизнес Консалтинг,"Разработка, внедрение и поддержка интеграций 1С (УПП.) с другими корпоративными системами. Анализ и оптимизация существующего программного кода, проведение общего...Желательно, знание механизмов и принципов интеграции систем, библиотек стандартных подсистем (1С:БСП), ""Конвертации данных"", системы компоновки данных (1С...",150 000 – 170 000 руб.
96,Менеджер по закупкам промышленных комплектующих и оборудования,https://spb.hh.ru/vacancy/53948609?from=vacancy_search_list&hhtmFrom=vacancy_search_list&query=%D0%B0%D0%BD%D0%B0%D0%BB%D0%B8%D0%B7%20%D0%B4%D0%B0%D0%BD%D0%BD%D1%8B%D1%85,ООО МетКомМаш,Контроль выполнения сроков поставки товаров и условий договоров. Анализ и контроль соответствия поступившего товара заявленному. Заключение контрактов/договоров. Опыт работы в закупках. Высшее образование. Проактивный подход в работе с поставщиками. Инициативность и умение брать ответственность на себя. ,от 50 000 руб.
97,Товарный /Категорийный менеджер,https://spb.hh.ru/vacancy/51283879?from=vacancy_search_list&hhtmFrom=vacancy_search_list&query=%D0%B0%D0%BD%D0%B0%D0%BB%D0%B8%D0%B7%20%D0%B4%D0%B0%D0%BD%D0%BD%D1%8B%D1%85,"ЭТМ, компания","Ценообразование, развитие ассортимента по выделенным товарным группам. Управление уровнем товарных запасов на основе анализа складских запасов, оборачиваемости, прогнозов продаж, борьба...Навыки ведения переговоров, деловой переписки. Уверенный пользователь ПК, в т.ч. Excel (постоянно используется для анализа массивов данных).",до 85 000 руб.
98,Менеджер по логистике и таможенному оформлению,https://spb.hh.ru/vacancy/54928092?from=vacancy_search_list&hhtmFrom=vacancy_search_list&query=%D0%B0%D0%BD%D0%B0%D0%BB%D0%B8%D0%B7%20%D0%B4%D0%B0%D0%BD%D0%BD%D1%8B%D1%85,Aventel RUS,"Прогнозирование и контроль транспортной и таможенной ситуации (сезонные особенности перевозок, анализ законодательной базы, касающейся таможенного оформления и логистики). Знание Incoterms2010. Знание специфики импортных и экспортных перевозок генеральных и сборных, а также сухих и наливных грузов (морским, автомобильным...",от 60 000 руб.
99,Инженер-технолог в группу стандартных растворов (ГСР),https://spb.hh.ru/vacancy/54675856?from=vacancy_search_list&hhtmFrom=vacancy_search_list&query=%D0%B0%D0%BD%D0%B0%D0%BB%D0%B8%D0%B7%20%D0%B4%D0%B0%D0%BD%D0%BD%D1%8B%D1%85,Алкор Био,"Постановка ИФА (вручную и на автоматическом анализаторе). Обработка данных на ПК, анализ полученных результатов. Оформление технологической документации. Учет, списание сырья...Высшее образование (биотехнологическое, биологическое). Уверенный пользователь ПК (M/Office, Excel, Word). Навыки работы в лаборатории (приветствуется). Знание английского языка (желательно). ",40 000 – 50 000 руб.
100,Специалист по снабжению,https://spb.hh.ru/vacancy/54623773?from=vacancy_search_list&hhtmFrom=vacancy_search_list&query=%D0%B0%D0%BD%D0%B0%D0%BB%D0%B8%D0%B7%20%D0%B4%D0%B0%D0%BD%D0%BD%D1%8B%D1%85,ООО Статус,"Работа с поставщиками товаров в сфере строительства (в основном строительные отделочные материалы), анализ коммерческих предложений, поиск и получение наиболее выгодных...В строительную организацию, занимающуюся внутренними отделочными работами (общестрой, электрика, сантехника), требуется специалист в отдел снабжения. Мы готовы рассмотреть кандидатов без...",от 80 000 руб.
101,Программист 1С,https://spb.hh.ru/vacancy/53331656?from=vacancy_search_list&hhtmFrom=vacancy_search_list&query=%D0%B0%D0%BD%D0%B0%D0%BB%D0%B8%D0%B7%20%D0%B4%D0%B0%D0%BD%D0%BD%D1%8B%D1%85,NOVA GROUP,"Разработка новых функциональных модулей, отчетов и обработок для комплексной автоматизации деятельности организации на базе 1С:УПП(в ближайший год......сторонними источниками данных (знание технологий обмена OLE, COM, XML, http-сервисы). Понимание чужого кода. Способность к самостоятельному анализу проблем и...",от 150 000 руб.
102,Инженер-технолог в отдел подготовки производства,https://spb.hh.ru/vacancy/54817487?from=vacancy_search_list&hhtmFrom=vacancy_search_list&query=%D0%B0%D0%BD%D0%B0%D0%BB%D0%B8%D0%B7%20%D0%B4%D0%B0%D0%BD%D0%BD%D1%8B%D1%85,ООО Эмпериум,"Расчет основных и вспомогательных материалов (лимитно-заборных карт, материальных ведомостей, и т.п.). Анализ технологической документации проектов судовых конструкций и...Опыт работы 1-3 года в направлении судовых систем и механизмов бонус знание достроечных работ и МСЧ. Образование техническое (предпочтительно...",от 55 000 руб.
103,Оператор отдела контроля качества автозапчастей,https://spb.hh.ru/vacancy/54311289?from=vacancy_search_list&hhtmFrom=vacancy_search_list&query=%D0%B0%D0%BD%D0%B0%D0%BB%D0%B8%D0%B7%20%D0%B4%D0%B0%D0%BD%D0%BD%D1%8B%D1%85,ООО Авто-Компонент ТД,"Взаимодействие с клиентами, поставщиками, сотрудниками смежных отделов. Анализ статистических данных по претензиям от клиентов. Составление и предоставления ежемесячных отчетов о...Уверенный пользователь MS Office, WMS. Опыт работы на складе категории ""А"" в WMS будет вашим преимуществом. Знания в области складской...",до 45 000 руб.
104,Инженер Группы оперативного контроля Отдела телематики,https://spb.hh.ru/vacancy/52680565?from=vacancy_search_list&hhtmFrom=vacancy_search_list&query=%D0%B0%D0%BD%D0%B0%D0%BB%D0%B8%D0%B7%20%D0%B4%D0%B0%D0%BD%D0%BD%D1%8B%D1%85,СПб ГУП «АТС Смольного»,"Взаимодействие со структурными подразделениями Предприятия с целью уточнения функциональных показателей работы сети. Анализ оперативной информации о запланированных и аварийных работах......6ологий, правила работы с различными информационными системами и базами данных, принцип работы с командным интерфейсом (CLI) оборудования различных производителей...",52 500 – 82 000 руб.
105,Руководитель отдела по работе с клиентами,https://spb.hh.ru/vacancy/54817968?from=vacancy_search_list&hhtmFrom=vacancy_search_list&query=%D0%B0%D0%BD%D0%B0%D0%BB%D0%B8%D0%B7%20%D0%B4%D0%B0%D0%BD%D0%BD%D1%8B%D1%85,ООО С-Вита,"Определение и введение метрик сервиса работы с клиентами. Сбор данных, анализ; формирование предложений по оптимизации процессов работы с клиентами. Отчётность. Имеете навык формирования команды: управление, мотивация, развитие. Имеете опыт по выстраиванию долгосрочных отношений с клиентами. Грамотно говорите и пишите.",от 100 000 руб.
106,PHP/Go Backend Developer,https://spb.hh.ru/vacancy/54133938?from=vacancy_search_list&hhtmFrom=vacancy_search_list&query=%D0%B0%D0%BD%D0%B0%D0%BB%D0%B8%D0%B7%20%D0%B4%D0%B0%D0%BD%D0%BD%D1%8B%D1%85,Где мои дети,"Точная геолокация, анализ активности ребёнка и контроль окружения ребенка для того, чтобы помочь родителям обеспечивать безопасность детей. Аналитика использования приложений...Хорошее знание SQL, умение проектировать базы данных, опыт работы с MySQL / PostgreSQL. Опыт разработки на PHP или умение быстро разбираться...",до 300 000 руб.
107,Менеджер делопроизводства,https://spb.hh.ru/vacancy/54664292?from=vacancy_search_list&hhtmFrom=vacancy_search_list&query=%D0%B0%D0%BD%D0%B0%D0%BB%D0%B8%D0%B7%20%D0%B4%D0%B0%D0%BD%D0%BD%D1%8B%D1%85,ООО Веселый Водовоз,"Анализ актов-сверки, УПД и другой документации по сделанным заказам на предмет расхождений. Своевременное предоставление отчетности коллегам. Ведение деловой переписки...Опытный пользователь ПК (Word, Exсel). Желание глубоко разбираться в рабочих процессах. Опыт работы не обязателен. Грамотная письменная речь, навыки деловой...",35 000 – 35 000 руб.
108,Инженер по внедрению / Инженер встраиваемых систем,https://spb.hh.ru/vacancy/54498612?from=vacancy_search_list&hhtmFrom=vacancy_search_list&query=%D0%B0%D0%BD%D0%B0%D0%BB%D0%B8%D0%B7%20%D0%B4%D0%B0%D0%BD%D0%BD%D1%8B%D1%85,РОССИННО,"Программирование промышленных контроллеров, микроконтроллеров. Общение с клиентами по технологическим вопросам. Анализ функциональных требований в проектах. Подготовка внедрений и осуществление в......modbus, SNMP, MQTT. Опыт работы и понимание Prometheus, Zabbix. Знание Ассемблера. Опыт работы с контейнерами. Знание алгоритмов и структур данных.",75 000 – 120 000 руб.
109,Администратор BASIS,https://spb.hh.ru/vacancy/47105092?from=vacancy_search_list&hhtmFrom=vacancy_search_list&query=%D0%B0%D0%BD%D0%B0%D0%BB%D0%B8%D0%B7%20%D0%B4%D0%B0%D0%BD%D0%BD%D1%8B%D1%85,ООО Сэтл Строй,"Администрирование операционных систем Linux и Windows. Администрирование систем управления базами данных HANA и Sybase. Администрирование систем SAP – S/4hanaFiori...Опыт настройки SAP SolutionManager. Знание операционных систем Linux, Windows. Опыт работы с базами данных HANA, Sybase. Уровень английского: чтение технической...",от 160 000 руб.
110,Ассистент руководителя,https://spb.hh.ru/vacancy/54901246?from=vacancy_search_list&hhtmFrom=vacancy_search_list&query=%D0%B0%D0%BD%D0%B0%D0%BB%D0%B8%D0%B7%20%D0%B4%D0%B0%D0%BD%D0%BD%D1%8B%D1%85,LINES,"Ведение документооборота. Актуализация соискателей в amoCRM. Актуализация проектного графика команды. Организация стартов проектов команды. Контроль отчетов команды. Помощь проджекту в...Внимание к деталям. Системность. Аналитические навыки: поиск, анализ и структурирование данных. Умение вовремя и эффективно выполнять задачи. Навыки работы с...",40 000 – 40 000 руб.
111,Помощник руководителя / Персональный ассистент в офис,https://spb.hh.ru/vacancy/51409341?from=vacancy_search_list&hhtmFrom=vacancy_search_list&query=%D0%B0%D0%BD%D0%B0%D0%BB%D0%B8%D0%B7%20%D0%B4%D0%B0%D0%BD%D0%BD%D1%8B%D1%85,NewGen Vision,"Проведение ресёрчей по запросам руководителя. Офис-менеджмент. Согласование и формирование плана рабочего дня. Организация, подготовка и координация встреч, переговоров, поездок...Развитые коммуникативные навыки. Грамотная письменная и устная речь. Эмоциональный интеллект. Выраженная способность к самоорганизации.",35 000 – 50 000 руб.
112,Системный архитектор Управления системного инжиниринга (заместитель начальника управления),https://spb.hh.ru/vacancy/54049484?from=vacancy_search_list&hhtmFrom=vacancy_search_list&query=%D0%B0%D0%BD%D0%B0%D0%BB%D0%B8%D0%B7%20%D0%B4%D0%B0%D0%BD%D0%BD%D1%8B%D1%85,ООО Газпром межрегионгаз инжиниринг,Анализ и согласование технических заданий предлагаемых решений на предмет интегрируемости в текущую архитектуру. Анализ безопасности и производительности систем компании. Высшее образование. Опыт работы в сфере информационных технологий от 5 лет. Опыт работы с аппаратной базой инфраструктуры ЦОД. ,от 180 000 руб.
113,Ведущий программист,https://spb.hh.ru/vacancy/53858639?from=vacancy_search_list&hhtmFrom=vacancy_search_list&query=%D0%B0%D0%BD%D0%B0%D0%BB%D0%B8%D0%B7%20%D0%B4%D0%B0%D0%BD%D0%BD%D1%8B%D1%85,Адвент НПП,"Анализ технических заданий и технических требований на разработку программного обеспечения. Участие в разработке архитектуры программного обеспечения. Написание исходных текстов программ...Знание базовых алгоритмов и структур данных. Знание и умение применять на практике ООП. Уверенные знания С11, STL. ",от 150 000 руб.
114,Менеджер по рекламе,https://spb.hh.ru/vacancy/54250749?from=vacancy_search_list&hhtmFrom=vacancy_search_list&query=%D0%B0%D0%BD%D0%B0%D0%BB%D0%B8%D0%B7%20%D0%B4%D0%B0%D0%BD%D0%BD%D1%8B%D1%85,ООО ГРЕВС,"сети, иное). Анализ рынка конкурентов. Анализ портрета имеющихся клиентов. Изучает потребности покупателей (рынка сбыта). Работает с сайтом: обеспечивает информационное (рекламные...Образование высшее (желательно маркетинг, реклама и PR). Опыт работы в сфере рекламы от 5 лет. Знание рынка рекламных услуг; знание...",60 000 – 80 000 руб.
115,Менеджер проекта (проектирование автомобильных дорог),https://spb.hh.ru/vacancy/54822798?from=vacancy_search_list&hhtmFrom=vacancy_search_list&query=%D0%B0%D0%BD%D0%B0%D0%BB%D0%B8%D0%B7%20%D0%B4%D0%B0%D0%BD%D0%BD%D1%8B%D1%85,АО Институт Трансэкопроект,"Поквартальное и годовое планирование выполнения работ по объектам. Занесения данных по плановым доходам и расходам по текущим договорам. Высшее инженерно-техническое образование по специальности - инженер путей сообщения по направлению «Автомобильные дороги». Владение Microsoft Office, AutoCad (на уровне «уверенного...",от 80 000 руб.
116,"Менеджер по международным продажам / IT, консалтинг",https://spb.hh.ru/vacancy/54887168?from=vacancy_search_list&hhtmFrom=vacancy_search_list&query=%D0%B0%D0%BD%D0%B0%D0%BB%D0%B8%D0%B7%20%D0%B4%D0%B0%D0%BD%D0%BD%D1%8B%D1%85,Dsight,"Исследования рынка – исследования технологических отраслей. API \ подписка – на базу данных венчурного рынка app.dsight.org. Руководители по инновациям, аналитике, стратегии крупных компаний. Клиентский менеджер из консалтинга или аналитики (с навыками проактивных продаж). От 2 лет в B2B продажах.",от 150 000 руб.
117,Системный администратор/Специалист IT отдела,https://spb.hh.ru/vacancy/54838009?from=vacancy_search_list&hhtmFrom=vacancy_search_list&query=%D0%B0%D0%BD%D0%B0%D0%BB%D0%B8%D0%B7%20%D0%B4%D0%B0%D0%BD%D0%BD%D1%8B%D1%85,Адвент НПП,"Составление плана модернизации оборудования и контроль за его исполнением. Составление плана обновления программного обеспечения. И контроль за его исполнением. Анализ...Опыт в организации систем хранения данных, NAS, RAID. Глубокие знания аппаратной и программной частей серверного оборудования. Понимание сетевых служб и...",от 75 000 руб.
118,Бухгалтер по начислению квартплаты (по расчету ЖКУ),https://spb.hh.ru/vacancy/54812543?from=vacancy_search_list&hhtmFrom=vacancy_search_list&query=%D0%B0%D0%BD%D0%B0%D0%BB%D0%B8%D0%B7%20%D0%B4%D0%B0%D0%BD%D0%BD%D1%8B%D1%85,"Пионер, Группа компаний","...данных по приборам учета, практическое применение нормативных актов и постановлений законодательства. Консультирование жителей, разъяснение начислений, подготовка справок. Сверка тарифов, анализ...Высшее или среднее специальное образование. Опыт работы в сфере ЖКХ от 2 лет на аналогичной должности. Понимание ценообразования на услуги...",от 60 000 руб.
119,HR менеджер,https://spb.hh.ru/vacancy/54379702?from=vacancy_search_list&hhtmFrom=vacancy_search_list&query=%D0%B0%D0%BD%D0%B0%D0%BB%D0%B8%D0%B7%20%D0%B4%D0%B0%D0%BD%D0%BD%D1%8B%D1%85,ООО ЭДГОУ,"Первичное интервью с кандидатом (очно, скайп, зум), анализ кандидата и предоставление данных руководителю отдела. -Тестовые задания для кандидатов (контроль исполнения). -Опыт работы в сфере подбора персонала, опыт работы в сфере IT - будет огромным преимуществом. -Знание методик анализа кандидатов также будет...",от 80 000 руб.
120,Senior Linux Engineer / DevOps,https://spb.hh.ru/vacancy/54622969?from=vacancy_search_list&hhtmFrom=vacancy_search_list&query=%D0%B0%D0%BD%D0%B0%D0%BB%D0%B8%D0%B7%20%D0%B4%D0%B0%D0%BD%D0%BD%D1%8B%D1%85,РОССИННО,"Работы по внедрению и настройке SAYMON. Общение с клиентами по технологическим вопросам. Анализ функциональных требований в проектах. Подготовка внедрений и...Знание и умение крутить СУБД. Опыт работы и понимание Prometheus, Zabbix. Знание алгоритмов и структур данных. Знание английского языка.",150 000 – 250 000 руб.
121,Старший бухгалтер,https://spb.hh.ru/vacancy/54843114?from=vacancy_search_list&hhtmFrom=vacancy_search_list&query=%D0%B0%D0%BD%D0%B0%D0%BB%D0%B8%D0%B7%20%D0%B4%D0%B0%D0%BD%D0%BD%D1%8B%D1%85,ООО ПКФ Петро-Васт,"Учет ТМЦ (хозтовары, запчасти, топливо, спецодежда, оборудование). Учет основных средств. Учет операций по договорам лизинга. Учет операций по хозяйственным договорам. Знание бухгалтерского и налогового учета, обычаев делового оборота. Знание современных методик анализа больших объемов данных. Уверенное владение ПК (Microsoft Office...",от 80 000 руб.
122,BIM-менеджер/BIM- координатор,https://spb.hh.ru/vacancy/52873909?from=vacancy_search_list&hhtmFrom=vacancy_search_list&query=%D0%B0%D0%BD%D0%B0%D0%BB%D0%B8%D0%B7%20%D0%B4%D0%B0%D0%BD%D0%BD%D1%8B%D1%85,ООО Сигни Консалт,"1. Работа с BIM моделями, анализ, проверка. 2. Разработка правил проверки качества информационных моделей. 3. Осуществление проверок информационных моделей. 4. Опыт работы от 3 лет1. Образование: высшее, профильное. 2. Опыт работы: от 1 года. 3. Навыки работы в BIM...",от 90 000 руб.
123,Помощник юриста,https://spb.hh.ru/vacancy/54663339?from=vacancy_search_list&hhtmFrom=vacancy_search_list&query=%D0%B0%D0%BD%D0%B0%D0%BB%D0%B8%D0%B7%20%D0%B4%D0%B0%D0%BD%D0%BD%D1%8B%D1%85,ООО Коллегия Юристов,"Разбор и сканирование документов. Сбор документов, заполнение базы данных. Подготовка публикации в ЕФРСБ и газете Коммерсантъ. Подготовка запросов арбитражного управляющего...Личные качества: ответственность, исполнительность, нацеленность на результат. Хорошие навыки коммуникации. Внимательность при анализе документов, отличная память. Возможность сфокусированной работы в...",35 000 – 50 000 руб.
124,Инженер АСУ ТП,https://spb.hh.ru/vacancy/54468778?from=vacancy_search_list&hhtmFrom=vacancy_search_list&query=%D0%B0%D0%BD%D0%B0%D0%BB%D0%B8%D0%B7%20%D0%B4%D0%B0%D0%BD%D0%BD%D1%8B%D1%85,ООО ВЭПС,"Разработка алгоритмов управления тех. процессами. Заказ оборудования у поставщиков. Подготовка данных для проектной документации по разделу АТХ, разработка разделов АТХ...Техническое образование (среднее профессиональное /высшее). Знание английского языка будет являться преимуществом. Знание элементной базы контроллеров Siemens. Опыт использования Step7...",до 150 000 руб.
125,Офис-менеджер / Ассистент,https://spb.hh.ru/vacancy/54241568?from=vacancy_search_list&hhtmFrom=vacancy_search_list&query=%D0%B0%D0%BD%D0%B0%D0%BB%D0%B8%D0%B7%20%D0%B4%D0%B0%D0%BD%D0%BD%D1%8B%D1%85,ООО Ай Лайн,"Оформление первичных бухгалтерских документов. Ведение переписки и телефонных переговоров. Поиск информации и подробный анализ данных, товаров и услуг по поручению...Уверенный пользователь ПК. Ответственность/надежность. Самостоятельность. Коммуникабельность и грамотная речь.",от 40 000 руб.
126,Менеджер по продажам,https://spb.hh.ru/vacancy/53491100?from=vacancy_search_list&hhtmFrom=vacancy_search_list&query=%D0%B0%D0%BD%D0%B0%D0%BB%D0%B8%D0%B7%20%D0%B4%D0%B0%D0%BD%D0%BD%D1%8B%D1%85,Эпл Эпл,Тестировать различные модели ноутбуков и их комплектующие. Выкупать ноутбуки на выделенные средства компании. Заводить данные в систему.Преимуществом будет опыт работы в сервисных компаниях по ремонту компьютеров; опыт в продаже компьютерной техники; опыт тестирования и оценки техники. ,от 70 000 руб.
127,Senior .Net Backend Developer,https://spb.hh.ru/vacancy/54002752?from=vacancy_search_list&hhtmFrom=vacancy_search_list&query=%D0%B0%D0%BD%D0%B0%D0%BB%D0%B8%D0%B7%20%D0%B4%D0%B0%D0%BD%D0%BD%D1%8B%D1%85,Проект,"Принимать участие в анализе функциональных требований и их реализации. Расширять архитектуру баз данных. Работа с различными хранилищами данных, в основном...Понимание принципов проектирования многопоточных веб-приложений, включая отказоустойчивость, безопасность и производительность. Опыт проектирования базы данных. Опыт работы с .Net 6.",200 000 – 300 000 руб.
128,Менеджер по продажам,https://spb.hh.ru/vacancy/54838423?from=vacancy_search_list&hhtmFrom=vacancy_search_list&query=%D0%B0%D0%BD%D0%B0%D0%BB%D0%B8%D0%B7%20%D0%B4%D0%B0%D0%BD%D0%BD%D1%8B%D1%85,ООО АэроТрансТехника,"ведения БД в CRM системах - систематизация и актуализация данных по клиентам. - комплексная поддержка ключевых клиентов, развитие послепродажного бизнеса в рамках...Опыт в аэродромном направлении будет преимуществом! - Опыт участия в тендерных процедурах. - английский язык - не ниже Upper intermediate. - опытный пользователь ПК...",от 100 000 руб.
129,Юрист,https://spb.hh.ru/vacancy/54258085?from=vacancy_search_list&hhtmFrom=vacancy_search_list&query=%D0%B0%D0%BD%D0%B0%D0%BB%D0%B8%D0%B7%20%D0%B4%D0%B0%D0%BD%D0%BD%D1%8B%D1%85,ООО Полома Менеджмент,"...проверка и правовой анализ текста и условий). Работа с информационной базой: внесение информации о договорах, проверка правильности данных контрагентов. Высшее юридическое образование. Опыт работы от 1 года. Знание гражданского, процессуального, договорного законодательства; умение ориентироваться в различных отраслях права. ",от 45 000 руб.
130,Руководитель хаски-центра,https://spb.hh.ru/vacancy/54517248?from=vacancy_search_list&hhtmFrom=vacancy_search_list&query=%D0%B0%D0%BD%D0%B0%D0%BB%D0%B8%D0%B7%20%D0%B4%D0%B0%D0%BD%D0%BD%D1%8B%D1%85,Центр Арктического туризма Грумант,"...новых товаров, изучение спроса, участие в разработке макетов и т.д.). Сбор и анализ отзывов от гостей и компаний-партнеров.Компьютерная грамотность, опыт работы с облачными сервисами, в социальных сетях, мессенджерах, почтовых сервисах, с текстовыми редакторами и таблицами данных. ",100 000 – 140 000 руб.
131,"Менеджер по продажам в Санкт-Петербурге (завод производитель, в т.ч. входящие звонки и база)",https://spb.hh.ru/vacancy/53363749?from=vacancy_search_list&hhtmFrom=vacancy_search_list&query=%D0%B0%D0%BD%D0%B0%D0%BB%D0%B8%D0%B7%20%D0%B4%D0%B0%D0%BD%D0%BD%D1%8B%D1%85,ООО Завод-Ленсвет,"Звонки клиентам из различных сфер, огромный рынок потребления. Получение технического задания, личные встречи, разработка коммерческих предложений. Работа с текущей базой...Понимание рынка, услуги, товара, и наличие опыта в части процесса заключения подобных сделок, в рамках конкретных объектов. Работа с текущей...",50 000 – 500 000 руб.
132,Менеджер по продажам,https://spb.hh.ru/vacancy/52590013?from=vacancy_search_list&hhtmFrom=vacancy_search_list&query=%D0%B0%D0%BD%D0%B0%D0%BB%D0%B8%D0%B7%20%D0%B4%D0%B0%D0%BD%D0%BD%D1%8B%D1%85,"ООО Пигмент, ХК","Подготовка коммерческих предложений, проведение переговоров, заключение договоров. Анализ рынка, мониторинг конкурентной среды. Контроль оплаты по договорам. Консультирование клиентов по продукции...Высшее химическое/экономическое образование. Опыт работы от 1 года . Обязательный опыт работы в продажах антикоррозионных судовых ЛКМ , порошковых красок . ",до 60 000 руб.
133,"Руководитель склада универмага ""Дом Мод""",https://spb.hh.ru/vacancy/54899368?from=vacancy_search_list&hhtmFrom=vacancy_search_list&query=%D0%B0%D0%BD%D0%B0%D0%BB%D0%B8%D0%B7%20%D0%B4%D0%B0%D0%BD%D0%BD%D1%8B%D1%85,Иридато,...IT-специалистами в части поддержания работоспособности систем сбора и учета данных. Поддержание стандартов размещения товара на складах. Поддержание стандартов подготовки...Опыт работы кладовщиком/товароведом от 2 лет в магазинах с широкой товарной матрицей. Развитые навыки ведения товарного учета в 1...,от 60 000 руб.
134,Стажер в отдел жилой недвижимости,https://spb.hh.ru/vacancy/48316183?from=vacancy_search_list&hhtmFrom=vacancy_search_list&query=%D0%B0%D0%BD%D0%B0%D0%BB%D0%B8%D0%B7%20%D0%B4%D0%B0%D0%BD%D0%BD%D1%8B%D1%85,ООО АРИН,"Изучение и анализ рынка. Проведение переговоров и показов. Осуществление сделок. Реклама объектов недвижимости во всех СМИ и электронных базах данных...Вы – человек со здоровыми амбициями, мобильный, активный, легкообучаемый и позитивно настроенный. Знание ПК на уровне пользователя, грамотная речь, умение работать...",30 000 – 70 000 руб.
135,"Контролер приборов учёта ГВС (Мурино, Белоостров, Петродворец)",https://spb.hh.ru/vacancy/47057186?from=vacancy_search_list&hhtmFrom=vacancy_search_list&query=%D0%B0%D0%BD%D0%B0%D0%BB%D0%B8%D0%B7%20%D0%B4%D0%B0%D0%BD%D0%BD%D1%8B%D1%85,ООО Петербургтеплоэнерго,"Прием, анализ, обработка показаний ИПУ. Обработка заявок на ввод в эксплуатацию ИПУ. Сопровождение электронных баз данных по объемам потребления и...Аналогичный опыт работы будет Вашим преимуществом. Опыт работы с информацией (внесение, обработка, анализ). Опытный пользователь ПК (Excel, Word, почтовые программы). ",до 41 000 руб.
136,Бухгалтер по первичной документации,https://spb.hh.ru/vacancy/54878644?from=vacancy_search_list&hhtmFrom=vacancy_search_list&query=%D0%B0%D0%BD%D0%B0%D0%BB%D0%B8%D0%B7%20%D0%B4%D0%B0%D0%BD%D0%BD%D1%8B%D1%85,ООО Рассвет,"Оформление и контроль документов по расчетам с самозанятыми. - Проведение сверок с контрагентами (анализ дебиторской и кредиторской задолженности). - Контроль наличия оригиналов...Опыт работы бухгалтером от 1-ого года. - Уверенный пользователь ПК, знание 1С: версии 8.3. . - Ответственность, умение расставлять приоритеты...",50 000 – 55 000 руб.
137,Инженер,https://spb.hh.ru/vacancy/54425879?from=vacancy_search_list&hhtmFrom=vacancy_search_list&query=%D0%B0%D0%BD%D0%B0%D0%BB%D0%B8%D0%B7%20%D0%B4%D0%B0%D0%BD%D0%BD%D1%8B%D1%85,ЛСР. Строительство - Северо-Запад,Работа с рабочей и проектной документацией КЖ и КР. Анализ типов ЖБИ. Внесение данных о сборных ЖБИ в базу 1...Высшее строительное/среднее специальное строительное ПГС. Опыт работы от 6 месяцев инженером. Умение работать в базе 1С: Предприятие 8...,55 000 – 55 000 руб.
138,Бухгалтер (участок ТМЦ),https://spb.hh.ru/vacancy/52474741?from=vacancy_search_list&hhtmFrom=vacancy_search_list&query=%D0%B0%D0%BD%D0%B0%D0%BB%D0%B8%D0%B7%20%D0%B4%D0%B0%D0%BD%D0%BD%D1%8B%D1%85,Диполь,"Участие в годовой инвентаризации всех активов и обязательств, формирование документов инвентаризации (один раз в год). Анализ и предоставление данных по...Опыт работы с постановкой технических заданий по доработке 1С, работа с выгрузками и загрузками данных, хорошее знание Excel. ",от 55 000 руб.
139,Ведущий инженер-проектировщик,https://spb.hh.ru/vacancy/54000794?from=vacancy_search_list&hhtmFrom=vacancy_search_list&query=%D0%B0%D0%BD%D0%B0%D0%BB%D0%B8%D0%B7%20%D0%B4%D0%B0%D0%BD%D0%BD%D1%8B%D1%85,Стелла,"Подбор оборудования, составление спецификаций. Предпроектное обследование, сбор и анализ исходных данных. Решение технических вопросов, возникающих на всех этапах разработки и...Знание принципов работы сетей передачи данных промышленного уровня и сетей передачи данных (RS485, Ethernet). Знание нормативно-технической документации (ГОСТы...",85 000 – 95 000 руб.
140,Backend разработчик (PHP),https://spb.hh.ru/vacancy/54889911?from=vacancy_search_list&hhtmFrom=vacancy_search_list&query=%D0%B0%D0%BD%D0%B0%D0%BB%D0%B8%D0%B7%20%D0%B4%D0%B0%D0%BD%D0%BD%D1%8B%D1%85,Employcity,"Оптимизацией приложений и распределением нагрузки. Анализом и оптимизацией существующего кода. Написанием и выполнением тестов. Интеграцией с внешними сервисами (API). Опыт работы с различными базами данных (MySQL, MongoDB, Redis). Уверенное знание ООП, паттернов дизайна и архитектуры приложений. Уверенная работа с...",3 000 – 5 000 EUR
141,Инженер-геодезист камерального отдела,https://spb.hh.ru/vacancy/54931283?from=vacancy_search_list&hhtmFrom=vacancy_search_list&query=%D0%B0%D0%BD%D0%B0%D0%BB%D0%B8%D0%B7%20%D0%B4%D0%B0%D0%BD%D0%BD%D1%8B%D1%85,ООО Оскур,"Сбор, обработка и анализ исходных данных, необходимых для выполнения работ. Подготовка технического отчета для Экспертизы и снятие замечаний Экспертизы. Высшее образование или среднее профессиональное образование по специальности Геодезия. Опыт работы от 1 года. Четкость, быстрота обработки информации, исполнительность.",от 50 000 руб.
142,Менеджер по продажам (входящие лиды),https://spb.hh.ru/vacancy/54382758?from=vacancy_search_list&hhtmFrom=vacancy_search_list&query=%D0%B0%D0%BD%D0%B0%D0%BB%D0%B8%D0%B7%20%D0%B4%D0%B0%D0%BD%D0%BD%D1%8B%D1%85,ООО РИКЦ,...корректное ведение базы данных. Поддержание лояльно-доверительных отношений  сбор рекомендаций. Составление и ведение отчётности. Проводить ежедневный анализ звонков и статистик. Презентабельный внешний вид. Грамотная устная и письменная речь. Стабильные растущие показатели продаж и требования к себе. Опыт работы в продажах...,100 000 – 350 000 руб.
143,Офис-менеджер,https://spb.hh.ru/vacancy/54886994?from=vacancy_search_list&hhtmFrom=vacancy_search_list&query=%D0%B0%D0%BD%D0%B0%D0%BB%D0%B8%D0%B7%20%D0%B4%D0%B0%D0%BD%D0%BD%D1%8B%D1%85,Агентство недвижимости Lange&Smith,"...и учета данных. Ежедневная, ежемесячная и ежегодная отчетность. Поиск и отбор исполнителей (фрилансеров) под поставленные задачи. Поиск и анализ информации...Навыки работы в классических программах MS Office (Word, Excel). Навыки ведения и учета данных. Навык быстрой печати. Грамотная, четкая речь. ",40 000 – 55 000 руб.
144,Ведущий инженер (проектирование автомобильных дорог),https://spb.hh.ru/vacancy/54224083?from=vacancy_search_list&hhtmFrom=vacancy_search_list&query=%D0%B0%D0%BD%D0%B0%D0%BB%D0%B8%D0%B7%20%D0%B4%D0%B0%D0%BD%D0%BD%D1%8B%D1%85,ООО ТранспроектИнжиниринг,"Анализ исходных данных для проектирования объектов и технических требований заказчиков. Разработка проектной и рабочей документации на строительство, реконструкцию и капитальный...Высшее инженерно-техническое образование. Стаж работы в области проектирования автомобильных дорог - не менее 5-ти лет. Знание требований законодательства, нормативных...",97 700 – 120 000 руб.
145,Руководитель отдела продаж в агентство недвижимости,https://spb.hh.ru/vacancy/54597148?from=vacancy_search_list&hhtmFrom=vacancy_search_list&query=%D0%B0%D0%BD%D0%B0%D0%BB%D0%B8%D0%B7%20%D0%B4%D0%B0%D0%BD%D0%BD%D1%8B%D1%85,«ST-Realty»,"Доработать сценарий и сам вебинар, который будет хорошо прогревать клиентов. Совместно с HR нанять и обучить брокеров. Вывести каждого брокера...Успешный опыт в первичном рынке недвижимости как брокера, и конечно же РОП. - Жажда добиваться результата и быть лучшим в своём...",100 000 – 200 000 руб.
146,Заместитель главного инженера проекта,https://spb.hh.ru/vacancy/52876051?from=vacancy_search_list&hhtmFrom=vacancy_search_list&query=%D0%B0%D0%BD%D0%B0%D0%BB%D0%B8%D0%B7%20%D0%B4%D0%B0%D0%BD%D0%BD%D1%8B%D1%85,"ООО Р-Индустрия, Корпорация","Подготовка запросов, получение, анализ и обработка исходных данных для проектирования объектов. Поиск субподрядчиков на выполнение проектно-изыскательских работ. Обязательно высшее профильное образование (строительство, проектирование). Опыт работы на аналогичной должности не менее 3-х лет. Знание нормативной документации в...",до 80 000 руб.
147,Менеджер по аренде коммерческой недвижимости,https://spb.hh.ru/vacancy/54912151?from=vacancy_search_list&hhtmFrom=vacancy_search_list&query=%D0%B0%D0%BD%D0%B0%D0%BB%D0%B8%D0%B7%20%D0%B4%D0%B0%D0%BD%D0%BD%D1%8B%D1%85,Д А Л П О Р Т,"поиск потенциальных арендаторов, входящие, исходящие звонки. рассылка КП, реклама. — подготовка сделок аренды, организация просмотров, консультирование. — согласование сделок аренды, коммерческие и...Понимание делового этикета. Знание основ коммуникации. Грамотные речь и письмо.",50 000 – 150 000 руб.
148,Инженер/Инженер-дефектоскопист/неразрушайющий контроль/монтажник/Строитель(с обучением!),https://spb.hh.ru/vacancy/51341031?from=vacancy_search_list&hhtmFrom=vacancy_search_list&query=%D0%B0%D0%BD%D0%B0%D0%BB%D0%B8%D0%B7%20%D0%B4%D0%B0%D0%BD%D0%BD%D1%8B%D1%85,Diakont,"Формирование чертежей и схем диагностируемых участков трубопроводов. Сбор данных по наработке эксплуатируемого оборудования. Выполнение работ по систематизации и анализу результатов...Высшее техническое образование. Знание и опыт проведения неразрушающих видов контроля (ВИК, УЗК и МК). Область аттестации: объекты котлонадзора, оборудование нефтяной...",от 100 000 руб.
149,"Главный инженер проекта / ГИП (ЭО, ЭМ, СС, Автоматика)",https://spb.hh.ru/vacancy/54494328?from=vacancy_search_list&hhtmFrom=vacancy_search_list&query=%D0%B0%D0%BD%D0%B0%D0%BB%D0%B8%D0%B7%20%D0%B4%D0%B0%D0%BD%D0%BD%D1%8B%D1%85,ООО Сириус,"Анализ исходной документации, формирование по ней вопросов и оценка рисков проекта. Сбор исходных данных. Постановка задач специалистам. Составление ТЗ на...Технические знания в проектировании. Владение специальными расчетными программами. Знание технологии проектирования. Знание нормативной базы проектирования, состава исходно-разрешительной документации. ",80 000 – 150 000 руб.
150,Инженер ОВ - ВК в службу технического заказчика,https://spb.hh.ru/vacancy/52119992?from=vacancy_search_list&hhtmFrom=vacancy_search_list&query=%D0%B0%D0%BD%D0%B0%D0%BB%D0%B8%D0%B7%20%D0%B4%D0%B0%D0%BD%D0%BD%D1%8B%D1%85,ООО СУ Эдельвейс,"Вынос или перекладка инженерных сетей. Получение исходных данных ИРД и ТУ, заключение договоров на технологические присоединения. Решение спорных вопросов, подготовка...Работа в строительстве многоэтажной жилой застройки, опыт взаимодействия с ресурсоснабжающими и проектными организациями, оптимизация условий технологических присоединений, организация работы подрядных...",85 000 – 95 000 руб.
151,Дизайнер мягкой мебели,https://spb.hh.ru/vacancy/54914431?from=vacancy_search_list&hhtmFrom=vacancy_search_list&query=%D0%B0%D0%BD%D0%B0%D0%BB%D0%B8%D0%B7%20%D0%B4%D0%B0%D0%BD%D0%BD%D1%8B%D1%85,ООО Си-Лайн,"Обработка и анализ заявки от заказчика на индивидуальное изготовление мебели, составление перечня уточняющих вопросов для передачи в коммерческую службу. - Знание ассортиментной матрицы компании и рынка. Требования: - Знание программы 3Ds-MAX. - Наличие портфолио смоделированных изделий. - Умение читать чертежи . - ",60 000 – 70 000 руб.
152,Шеф-повар,https://spb.hh.ru/vacancy/54770923?from=vacancy_search_list&hhtmFrom=vacancy_search_list&query=%D0%B0%D0%BD%D0%B0%D0%BB%D0%B8%D0%B7%20%D0%B4%D0%B0%D0%BD%D0%BD%D1%8B%D1%85,ООО Большой Проспект,"Ведение одновременно двух концепция (Азия и Италия) на базе одной кухни. - Тотальный контроль всех логистический, технический и технологических процессов кухни. -Опыт проведения guest table и мастер-классов совместно с лидерами индустрии. - Умение проводить анализ текущей работы подразделения кухни. - ",150 000 – 200 000 руб.
153,Специалист по работе с клиентами/Специалист по недвижимости,https://spb.hh.ru/vacancy/49163748?from=vacancy_search_list&hhtmFrom=vacancy_search_list&query=%D0%B0%D0%BD%D0%B0%D0%BB%D0%B8%D0%B7%20%D0%B4%D0%B0%D0%BD%D0%BD%D1%8B%D1%85,ООО Ключи,"Проводить анализ рынка вторичных объектов недвижимости. Проводить переговоры с продавцом, представителем продавца. Организовывать показы объектов недвижимости (есть показчик). У вас есть опыт продажах от 3-х лет из них с недвижимостью от 1 года. Вы хорошо знаете город...",от 300 000 руб.
154,Графический дизайнер,https://spb.hh.ru/vacancy/54814556?from=vacancy_search_list&hhtmFrom=vacancy_search_list&query=%D0%B0%D0%BD%D0%B0%D0%BB%D0%B8%D0%B7%20%D0%B4%D0%B0%D0%BD%D0%BD%D1%8B%D1%85,A.D.M.,"Ведение учета и базы данных выполненных проектов. Организация работы отдела в области дизайна: составление форм технических заданий, создание шаблонов, создание...Являетесь опытным пользователем: Adobe PhotoShop, Adobе Illustrator, Adobe InDesign, CorelDraw, 3DMax и др.; конструктор сайтов Tilda Publishing. ",от 91 000 руб.
155,Главный бухгалтер,https://spb.hh.ru/vacancy/54801135?from=vacancy_search_list&hhtmFrom=vacancy_search_list&query=%D0%B0%D0%BD%D0%B0%D0%BB%D0%B8%D0%B7%20%D0%B4%D0%B0%D0%BD%D0%BD%D1%8B%D1%85,Все Соки,"Сверки с покупателями и поставщиками. - Обеспечение своевременной подготовки достоверных учетных данных для формирования бухгалтерской и налоговой отчетности. - Отчетность ФСС, ПФ...Образование высшее (экономика, бухгалтерский учет, анализ и аудит, финансы). - Опыт не менее 5 лет. - Знание валютного, налогового, бухгалтерского законодательства. - ",70 000 – 90 000 руб.
156,Главный инженер проекта / ГИП (комплексный),https://spb.hh.ru/vacancy/52609054?from=vacancy_search_list&hhtmFrom=vacancy_search_list&query=%D0%B0%D0%BD%D0%B0%D0%BB%D0%B8%D0%B7%20%D0%B4%D0%B0%D0%BD%D0%BD%D1%8B%D1%85,ООО Сириус,"Обеспечение связи проектов, выполнение свободного плана сетей (при необходимости). Анализ и предложение решений по проектированию и СМР. Решение технических вопросов. Высшее профессиональное образование (желательно профильное). Умение проектировать одну из сетей (ОВ, ВК/НВК, ЭС, ЭО). Обязательный профессиональный стаж/опыт - не...",от 100 000 руб.
157,Врач-невролог,https://spb.hh.ru/vacancy/54470006?from=vacancy_search_list&hhtmFrom=vacancy_search_list&query=%D0%B0%D0%BD%D0%B0%D0%BB%D0%B8%D0%B7%20%D0%B4%D0%B0%D0%BD%D0%BD%D1%8B%D1%85,СПб ГБУЗ Городская поликлиника №102,"Осуществление, в соответствии с показаниями, своевременной госпитализации больных. Ведение электронных медицинских карт амбулаторных больных, выписка рецептов. Проведение анализа заболеваемости и...Высшее медицинское образование. Действующий сертификат. Коммуникативные навыки. Умение работать в условиях многозадачности.",от 33 000 руб.
158,Инженер-проектировщик систем электроснабжения,https://spb.hh.ru/vacancy/50402343?from=vacancy_search_list&hhtmFrom=vacancy_search_list&query=%D0%B0%D0%BD%D0%B0%D0%BB%D0%B8%D0%B7%20%D0%B4%D0%B0%D0%BD%D0%BD%D1%8B%D1%85,ООО Селена Монтаж,"Выполнение всех необходимых электротехнических расчётов. Сбор информации, исходных данных по порученному объекту. Согласование разделов проектной (рабочей) документации с Заказчиком. Высшее профильное образование (электротехника, электроэнергетика). Опытный пользователь программ AutoCAD, Microsoft Office. Знание нормативно-технической документации, номенклатуры оборудования.",50 000 – 60 000 руб.
159,Врач-кардиолог,https://spb.hh.ru/vacancy/51209694?from=vacancy_search_list&hhtmFrom=vacancy_search_list&query=%D0%B0%D0%BD%D0%B0%D0%BB%D0%B8%D0%B7%20%D0%B4%D0%B0%D0%BD%D0%BD%D1%8B%D1%85,ГУЗ ТО ТОМИАЦ,"5. Оценка данных электрокардиограммы, эхокардиограммы, фонокардиограммы, зондирование сердца, данных рентгенологического обследования и дача по ним заключения. 6. Назначение необходимых лекарственных...11. Соблюдение правил и принципов врачебной этики. Требования: 1. Высшее образование — специалитет по направлениям «Педиатрия» или «Лечебное дело» и подготовка...",от 55 000 руб.
160,Монтажник связи,https://spb.hh.ru/vacancy/48892716?from=vacancy_search_list&hhtmFrom=vacancy_search_list&query=%D0%B0%D0%BD%D0%B0%D0%BB%D0%B8%D0%B7%20%D0%B4%D0%B0%D0%BD%D0%BD%D1%8B%D1%85,ООО КЛАСС ТЕЛЕКОМ,Проведение обследований объектов связи. Анализ исходных данных и определение технической возможности. Монтаж линий связи (в основном UTP). Монтаж сетевого оборудования...Образование: среднее техническое или выше. Опыт работы с витой парой или оптоволокном. Опыт работы с контрольно-измерительным оборудованием (тон.генератор/щуп...,от 55 000 руб.
161,Инженер ПТО,https://spb.hh.ru/vacancy/54289468?from=vacancy_search_list&hhtmFrom=vacancy_search_list&query=%D0%B0%D0%BD%D0%B0%D0%BB%D0%B8%D0%B7%20%D0%B4%D0%B0%D0%BD%D0%BD%D1%8B%D1%85,ПТК Метстройдеталь,"...заявок в случае возникновения вопросов по ним, занесение данных в таблицу). Анализ и подготовка заявок на необходимые материалы для выполнения...Высшее профессиональное образование (техническое или строительное). Опытный пользователь ПК. Свободное и уверенное владение MS Office, AutoCAD. Стрессоустойчивость. Инициативность, коммуникабельность. ",60 000 – 75 000 руб.
